8.64,1,17613682
8.76,1,14245998
8.75,0,13624328
8.89,1,13395400
8.79,1,13019740
8.68,1,12983330
9.53,1,12811206
8.31,1,12705700
9.79,1,12319542
9.37,0,12302831
9.62,1,11746135
8.22,1,11565078
7.73,1,11453338
6.07,1,11372451
7.68,0,11081000
9.52,0,10494499
9.62,0,10296101
9.58,0,10273803
8.99,1,9699092
9.51,1,9134586
9.67,0,9001309
8.17,1,8914845
9.46,0,8677249
9.55,1,8656397
8.11,1,8646758
8.15,1,8487894
9.24,1,8426973
8.91,1,8245523
8.61,1,8008622
8.49,1,7817459
9.49,1,7784807
8.17,1,7759473
9.18,1,7575899
7.72,1,7505700
8.75,0,7487545
8.63,1,7466976
8.09,1,7440531
9.00,1,7328820
8.45,1,7307993
8.83,1,7166199
8.59,1,7147879
8.26,1,7118592
9.52,0,7074867
7.77,1,7071763
7.57,1,7049643
9.35,1,6965706
9.59,1,6953800
8.83,0,6878264
10.0,1,6847777
9.31,1,6686912
9.28,1,6654837
8.16,1,6619498
9.57,0,6396528
9.10,1,6282774
8.67,1,6246849
8.86,1,6136928
9.59,1,6126488
9.32,0,6125154
7.76,1,6105431
9.45,1,6043458
9.31,1,5960000
9.34,0,5926948
9.61,0,5911890
10.0,0,5820000
8.20,0,5740789
6.53,1,5635266
9.10,1,5602543
8.23,1,5593551
7.63,1,5583596
9.26,0,5546792
9.19,1,5507106
8.35,1,5496547
8.89,0,5462953
9.29,0,5446379
8.46,1,5440945
8.54,1,5316015
9.51,1,5310510
6.18,1,5295801
8.88,1,5255376
9.29,1,5237525
9.50,0,5183000
7.87,1,5181014
9.29,1,5148022
8.81,0,5137995
7.50,1,5071619
9.46,1,5062722
9.55,0,4968687
9.76,0,4966571
10.0,1,4937573
10.0,0,4935660
9.54,1,4897551
9.60,0,4875494
9.03,0,4853123
9.80,0,4801355
9.09,1,4786259
9.28,1,4774895
9.31,1,4710454
9.72,0,4703245
9.22,0,4697142
8.99,1,4682492
9.32,1,4673009
9.56,0,4666990
9.23,1,4662822
9.65,0,4628903
9.18,0,4612831
9.13,1,4598583
8.14,1,4571145
8.91,1,4568891
8.96,0,4554785
7.80,1,4513026
9.23,1,4498335
9.60,0,4400298
9.09,1,4316003
9.16,0,4313871
9.43,0,4300670
7.90,1,4277071
8.00,0,4232430
9.03,0,4168350
9.66,1,4136101
9.28,1,4131248
9.02,1,4110645
0.00,1,4094395
8.67,0,4090795
8.52,1,4088799
9.69,0,4087355
7.70,1,4082797
8.52,1,4057546
9.30,0,4044582
8.88,0,4002134
4.38,0,4001813
9.71,0,4000000
9.36,1,3984812
9.34,0,3963220
8.14,0,3911356
8.97,1,3893216
6.49,1,3880308
8.46,1,3872015
9.19,0,3851000
9.05,1,3849433
8.92,0,3842441
9.13,1,3779553
8.90,1,3726134
9.48,0,3653238
8.44,1,3650000
9.00,0,3628858
9.56,0,3616241
9.46,0,3615000
9.54,0,3610642
9.69,0,3586523
9.26,0,3579666
8.82,1,3562123
8.96,0,3546900
9.38,1,3522747
9.92,0,3510000
9.12,0,3504990
9.22,0,3475000
5.21,1,3464516
8.74,1,3450941
9.57,1,3450143
9.20,0,3433900
9.59,0,3427464
7.75,1,3423920
8.99,1,3408144
5.60,1,3385706
9.13,0,3380800
9.55,0,3379762
9.62,0,3375735
8.79,0,3339082
9.25,0,3317196
7.35,1,3300533
9.02,0,3273879
8.76,0,3269000
9.71,0,3247558
7.34,1,3239371
9.26,0,3227452
9.18,0,3223000
8.00,0,3149500
10.0,1,3148748
10.0,0,3148748
9.44,0,3146217
9.18,1,3143247
9.49,0,3132320
9.56,0,3130046
8.10,1,3125069
7.83,0,3119023
7.92,1,3115767
8.17,0,3101900
8.80,1,3100113
7.90,1,3090467
9.56,1,3068544
9.02,1,3059812
10.0,1,3051134
9.58,0,3045283
9.04,1,3044134
9.47,0,3039889
8.97,1,3038868
8.40,1,3035116
9.20,0,3015165
9.56,1,3013523
8.87,0,3006400
8.79,1,3004647
9.58,0,3002669
9.40,1,3001530
9.75,1,3000056
9.32,1,2982022
9.01,1,2979838
7.54,1,2971475
5.89,0,2963449
9.29,0,2962897
6.00,1,2945137
9.10,0,2938818
9.08,1,2931897
8.95,0,2929400
8.80,0,2921331
9.15,1,2897477
8.80,0,2890000
10.0,0,2867594
8.75,1,2860786
9.18,1,2844159
9.15,1,2841788
8.93,0,2839921
9.61,0,2836774
9.72,0,2818993
9.38,0,2812427
9.44,0,2809053
7.76,0,2801949
8.98,0,2773794
9.50,0,2771236
9.50,1,2766436
8.45,1,2750457
9.38,0,2744413
9.38,0,2735722
9.17,1,2731828
9.54,0,2723518
9.04,1,2721903
9.38,1,2718227
9.55,0,2718158
9.05,1,2713031
8.82,1,2706748
8.98,0,2685508
9.45,1,2663170
9.48,1,2654817
8.43,1,2625686
9.40,0,2625572
7.30,1,2621436
9.77,0,2611966
9.75,1,2603857
9.65,0,2601734
8.85,1,2595625
8.32,1,2594028
8.83,1,2583294
8.02,1,2576022
8.23,1,2570850
8.00,1,2565078
8.84,1,2564340
8.55,0,2539114
8.74,1,2533103
8.78,0,2532306
9.53,0,2532051
8.83,0,2532000
8.61,0,2523700
9.48,0,2517805
8.92,1,2512572
9.01,0,2505133
9.23,0,2491354
8.31,1,2479585
8.44,0,2475291
10.0,0,2472135
9.15,1,2471721
9.39,1,2447241
9.34,0,2435211
9.48,1,2434099
8.52,0,2430200
9.32,0,2420729
9.35,1,2393086
9.24,1,2391963
9.08,0,2379830
9.13,0,2376145
10.0,0,2367704
5.34,1,2363955
8.90,1,2362906
8.66,1,2347311
9.00,0,2346446
8.02,1,2342232
6.20,0,2339410
7.23,1,2325715
8.83,1,2316099
9.38,0,2315882
9.44,0,2310054
7.75,0,2310000
9.59,0,2308596
8.04,0,2304487
8.89,1,2286745
9.72,0,2282744
8.85,0,2282191
8.93,0,2274995
8.01,0,2262758
8.97,1,2261356
8.81,0,2259511
9.26,1,2258369
8.47,0,2256913
0.00,1,2251491
8.98,0,2241687
8.38,0,2240000
9.24,0,2239156
7.92,1,2237271
6.56,1,2232179
9.38,1,2218573
9.51,0,2215883
10.0,0,2214600
8.87,0,2207751
0.00,0,2203042
9.40,0,2201300
6.95,0,2199359
9.15,1,2199048
8.86,0,2197555
8.45,1,2192243
9.31,1,2192172
9.24,1,2190250
7.92,1,2189453
9.50,0,2182365
9.33,0,2182227
8.97,0,2167426
9.34,1,2164805
9.74,1,2160265
8.49,0,2153110
7.25,0,2142622
9.17,0,2135614
0.00,1,2129358
8.22,0,2128574
8.09,1,2125662
10.0,1,2123815
9.62,0,2120741
9.39,1,2108273
9.42,1,2105050
10.0,1,2104716
9.33,0,2096180
8.80,1,2095375
6.59,1,2088134
9.45,1,2084457
0.00,1,2083999
8.71,1,2080574
9.43,1,2080154
9.02,0,2078492
9.10,0,2070084
8.65,1,2066354
8.84,1,2058764
5.65,1,2053947
9.48,0,2052800
7.75,0,2050000
10.0,1,2047808
8.82,1,2044564
9.30,1,2026574
9.20,0,2010460
8.61,0,2007180
8.31,0,2006880
9.24,0,2003533
9.56,0,2002526
7.38,1,1987380
9.07,1,1979311
0.00,1,1972377
7.99,0,1971837
9.45,1,1949027
9.30,0,1936321
10.0,0,1932304
8.94,0,1926201
8.96,1,1923748
9.26,0,1922634
7.19,1,1914941
6.00,1,1914779
10.0,0,1910000
7.69,0,1898121
9.28,1,1891993
9.15,1,1888100
9.11,0,1887000
8.40,0,1879501
9.19,0,1877226
7.80,0,1873327
8.61,0,1866900
8.62,1,1865195
9.35,1,1864408
8.90,0,1860934
6.54,0,1858668
1.00,1,1858077
8.41,1,1857392
8.79,1,1855917
7.48,1,1854625
8.84,1,1848418
7.22,0,1847875
9.15,0,1845000
7.96,1,1824822
8.79,1,1823116
8.33,0,1820920
9.21,0,1820842
8.29,1,1807612
8.25,1,1799356
9.27,0,1798205
6.67,0,1795700
9.68,0,1790457
7.98,1,1788748
8.14,0,1784479
9.33,0,1777470
9.21,0,1767051
9.00,1,1766285
8.02,0,1764758
9.09,0,1764233
8.28,1,1762742
8.74,0,1762070
9.06,0,1756319
7.00,0,1748258
7.97,1,1744677
8.98,0,1743774
8.29,1,1737253
8.34,1,1735977
8.57,0,1735640
8.78,0,1730719
9.41,0,1729424
8.51,0,1728477
9.45,1,1726202
9.50,0,1722800
9.51,1,1719772
8.19,1,1717566
8.85,0,1714071
9.28,1,1713891
8.47,0,1710364
2.95,1,1707487
9.10,1,1706576
8.20,0,1694637
8.82,1,1694529
5.85,1,1690465
8.35,1,1690294
8.81,0,1689000
8.45,0,1685933
9.32,0,1685405
9.38,1,1676040
8.65,0,1675798
8.15,0,1671576
9.63,1,1661230
9.63,0,1648070
9.59,0,1646142
9.62,1,1640351
8.62,1,1634403
8.69,0,1634051
9.62,0,1631359
9.05,1,1626704
9.32,0,1623199
9.46,0,1621973
9.14,1,1620031
8.16,0,1619190
10.0,1,1613728
9.58,0,1613392
8.73,1,1612554
5.61,1,1611519
7.90,0,1611192
9.42,1,1605271
9.06,0,1596574
9.25,1,1593694
8.48,0,1593116
7.04,1,1593038
9.19,0,1588373
8.85,0,1576333
7.68,1,1573621
0.00,0,1571931
7.54,1,1571432
10.0,0,1566696
8.02,0,1562486
9.38,1,1561815
8.56,1,1561282
6.78,1,1560297
9.93,1,1552055
8.60,0,1545107
10.0,1,1543429
6.52,1,1534911
9.20,1,1534407
6.00,0,1531840
7.63,1,1531220
9.51,1,1521842
9.30,0,1515356
9.43,0,1515104
3.83,0,1513000
9.04,0,1511145
9.43,1,1507084
9.22,0,1500830
10.0,0,1500000
10.0,0,1496214
6.07,1,1485454
9.58,0,1484843
9.05,0,1484000
9.60,0,1478573
8.33,0,1472006
9.01,1,1466830
9.61,1,1462280
6.67,0,1462000
8.50,1,1458896
7.79,1,1452872
9.00,0,1450000
8.76,1,1446820
10.0,0,1446741
9.26,0,1445124
7.82,1,1441964
0.00,0,1438531
9.44,1,1438353
8.49,0,1438056
10.0,1,1437549
8.45,1,1426873
9.17,0,1416053
10.0,0,1416000
5.33,1,1408882
8.90,0,1407681
8.75,1,1406199
9.44,0,1402609
8.08,1,1399771
9.57,0,1397526
8.49,1,1394110
5.50,0,1394000
8.50,0,1386610
7.00,1,1386179
8.08,0,1384507
8.71,1,1373873
9.53,0,1372700
7.75,0,1371500
10.0,1,1371122
8.62,1,1362634
9.21,0,1362114
9.53,1,1356180
9.09,1,1346754
8.33,1,1346274
9.05,0,1345025
7.88,1,1338411
0.00,1,1335571
8.52,1,1328890
9.13,0,1328394
8.74,0,1321751
8.91,1,1321005
9.26,0,1320830
8.54,1,1313727
9.38,0,1311190
9.57,1,1310895
8.74,0,1307873
9.10,0,1307688
7.79,1,1306434
9.26,0,1305826
8.20,0,1305603
8.22,1,1304431
9.07,0,1303452
9.01,0,1300645
7.29,1,1299274
8.61,0,1286412
9.66,0,1278894
8.54,1,1277800
9.06,0,1277301
5.00,0,1272000
10.0,1,1271595
5.33,0,1270644
9.14,1,1269142
8.33,1,1263835
10.0,0,1263200
8.27,1,1261965
9.46,1,1247015
8.81,1,1246185
4.50,0,1242476
8.97,1,1240953
0.00,1,1239789
10.0,1,1239079
8.04,1,1233582
7.57,1,1232992
8.82,0,1231024
0.00,0,1230000
9.42,1,1228673
8.85,1,1225142
8.29,1,1221420
9.47,0,1221352
9.59,0,1219637
7.80,0,1213584
8.86,0,1212270
8.97,0,1209538
9.01,0,1207732
9.01,0,1206101
9.06,1,1204666
8.95,0,1204000
7.11,0,1203146
8.94,1,1202058
9.39,0,1201649
8.97,1,1201640
9.17,1,1201576
8.61,1,1201033
8.52,1,1196520
7.67,1,1193150
3.24,1,1188815
9.47,0,1182962
9.39,0,1182228
8.76,1,1177438
7.47,1,1176664
7.92,1,1175580
9.36,0,1173310
9.53,1,1169839
9.48,1,1168625
9.26,0,1168427
10.0,0,1165906
7.20,0,1165488
7.88,1,1163274
9.23,0,1163120
9.23,1,1160935
8.37,1,1160021
9.07,0,1159787
9.30,1,1157472
8.50,0,1155067
9.29,0,1153109
9.03,0,1149628
8.69,0,1144238
8.78,0,1143136
8.58,0,1140118
8.81,1,1139250
9.02,1,1130638
9.15,1,1125739
9.62,1,1125032
7.91,1,1124918
8.98,0,1123294
8.61,1,1122399
9.17,0,1118258
9.05,1,1111865
8.30,0,1111158
9.61,1,1110523
8.31,1,1110246
9.50,1,1108769
9.53,0,1103900
9.40,0,1101678
8.82,0,1099665
7.15,0,1095119
7.20,0,1088307
8.09,0,1085047
5.91,0,1083962
9.65,1,1083746
4.50,1,1083556
9.32,1,1075584
7.75,0,1075333
9.02,0,1074321
7.00,0,1073230
10.0,1,1069643
9.06,1,1069436
8.62,0,1066765
8.99,1,1063955
8.16,0,1061412
9.45,1,1059350
8.46,1,1057311
9.20,1,1057223
8.71,0,1054886
9.44,0,1052379
9.43,0,1047327
0.00,1,1046787
9.31,0,1046313
9.41,1,1044522
9.48,0,1043904
9.16,1,1042166
8.94,1,1040636
8.91,0,1036172
8.72,1,1031075
9.08,0,1030285
9.60,1,1027622
8.95,0,1027438
2.50,1,1025928
9.09,1,1025781
7.18,1,1025618
7.84,1,1023096
7.91,0,1022140
8.78,0,1019300
5.50,0,1016928
8.23,1,1016152
9.22,0,1015711
9.00,0,1015287
9.17,0,1011710
9.12,1,1006947
9.38,1,1006833
9.56,0,1006075
3.72,0,1001125
8.94,0,999047
9.47,0,998528
8.92,0,992064
8.40,1,989573
7.78,0,989021
9.16,1,987420
8.55,1,986547
8.57,0,984265
7.44,0,983635
9.64,0,979739
8.32,0,979509
9.01,1,977470
9.31,1,977401
7.91,0,975462
9.47,1,974554
8.62,0,973703
8.05,1,971194
8.38,1,970373
9.13,0,970275
8.60,1,963634
9.33,0,963580
8.71,0,956767
9.46,0,956154
9.00,1,955175
7.81,0,954387
9.82,1,953871
9.35,0,951855
8.63,1,949324
3.37,0,947510
7.79,1,946615
7.61,0,946372
9.35,1,945185
9.16,0,941672
9.57,1,941615
6.30,0,940560
4.11,1,940134
9.57,0,939658
10.0,0,938874
8.49,1,937029
8.25,0,931000
8.74,1,930855
9.01,1,929985
8.98,0,925813
7.02,0,925154
7.50,1,925154
9.09,0,925108
0.00,0,924190
9.44,0,924050
8.96,0,921317
8.73,0,921300
8.18,0,918678
9.12,0,918183
10.0,0,917782
9.66,0,915359
10.0,0,907255
9.35,1,905983
9.08,1,904802
9.11,1,904145
7.95,1,902090
9.29,1,900054
5.40,0,896000
8.59,0,893027
6.33,0,891417
8.01,0,890100
9.43,0,884885
6.83,1,880744
9.59,0,877398
9.02,1,875481
8.28,0,874913
9.28,0,873396
7.37,0,873079
8.59,1,872594
8.44,1,870785
9.35,0,870065
8.95,0,869805
8.52,1,867386
6.00,1,860044
8.57,1,858847
8.58,0,858402
0.00,1,858215
9.02,1,856090
8.61,0,855980
9.42,1,854377
8.87,0,853859
6.71,1,853441
9.19,1,848148
8.36,1,844103
7.67,0,842000
7.30,0,838419
8.72,0,838000
8.55,0,837426
9.38,0,837236
7.59,1,837059
9.07,0,836117
8.70,1,834706
9.43,1,831804
5.75,0,830000
10.0,0,829891
8.44,1,827918
0.00,0,826100
8.61,0,825517
8.73,1,821918
8.72,0,820995
8.27,1,817155
9.29,1,814023
8.50,0,814000
8.97,0,809755
5.00,0,809191
9.39,0,807486
9.14,0,806924
8.49,0,806891
8.65,1,806709
9.30,0,806248
9.18,0,804631
9.55,0,800062
4.80,0,800000
9.67,0,799275
7.04,0,798091
9.64,0,791173
8.20,1,790954
8.75,0,790158
9.71,0,789087
9.14,1,784031
9.81,1,783668
0.00,0,779200
8.57,0,777230
7.65,1,773996
9.45,0,773649
8.66,1,771699
8.59,0,771544
7.62,1,768971
9.21,1,767657
8.78,0,765315
8.19,0,765259
4.00,1,764567
8.13,1,764072
8.16,1,762112
9.34,0,761404
9.60,1,758473
8.45,0,757900
9.48,0,757430
9.72,0,757337
9.39,0,744387
8.25,0,744045
7.50,0,742475
8.79,0,742276
7.74,1,739481
9.54,0,738963
8.89,0,733931
8.28,0,731551
9.02,1,731212
6.61,1,730443
9.24,1,730343
10.0,0,730000
9.31,1,727409
8.69,1,726998
6.40,0,726783
7.75,1,724107
9.08,1,722923
9.17,1,721858
10.0,0,719234
8.10,0,717618
10.0,1,717494
9.02,0,716386
8.33,0,715763
7.75,1,714102
7.95,0,709734
9.60,1,707820
9.62,1,707748
7.08,0,705207
9.37,0,704834
9.76,0,704058
8.97,0,703024
9.17,0,700095
8.78,1,699973
0.00,0,698000
8.75,1,697980
8.91,1,696412
10.0,0,694782
8.86,1,694728
8.18,1,693101
6.32,0,691735
8.95,0,689071
9.65,0,685746
9.66,0,682712
9.23,1,682525
8.99,0,681945
8.81,0,680606
7.87,1,678930
7.69,0,678546
9.67,1,677939
8.88,1,675966
8.28,0,675444
9.03,1,672285
5.65,1,670295
10.0,0,669835
8.94,0,668576
6.89,1,668104
8.67,0,665303
0.00,0,665096
8.51,0,664000
0.00,1,661679
9.89,0,661550
9.00,1,659122
8.79,1,657564
0.00,0,654587
9.25,1,654407
8.35,0,654386
9.12,1,654212
8.32,1,652453
7.77,1,652097
8.90,0,651439
7.68,1,650994
7.77,0,650160
9.13,0,646195
9.54,0,646184
8.31,1,645922
9.54,0,645218
9.34,0,645191
0.00,1,644893
9.76,0,644216
9.21,1,644163
9.28,0,641099
7.00,0,640830
7.88,1,639596
8.68,0,638598
9.20,0,636631
8.79,0,635341
9.38,1,634953
9.09,1,632299
7.43,0,631990
8.08,0,630049
8.19,0,629452
0.00,0,629322
7.79,1,628576
8.17,1,628508
9.86,0,628423
9.39,0,627102
9.61,0,625900
8.07,1,622572
7.67,0,622400
9.09,0,622286
9.62,0,620000
8.16,0,618598
9.27,0,616943
8.40,0,616654
8.48,1,616481
9.34,0,615374
9.42,0,612936
0.00,0,612558
8.79,1,612328
8.00,1,611685
8.23,1,609852
8.12,1,609063
9.80,0,606841
9.46,1,606531
9.43,1,606317
9.32,0,605224
9.40,1,602967
7.09,0,602078
7.02,0,601342
7.00,1,600067
8.78,0,599963
8.98,1,599176
8.17,1,599050
8.28,0,598373
9.17,1,597174
9.07,0,597142
8.57,0,596484
9.09,0,595872
8.46,1,593630
7.77,1,593277
8.63,0,592041
8.91,1,591841
6.44,1,591125
8.43,0,590409
9.28,0,585082
9.43,0,584900
9.87,0,584861
8.86,0,584706
8.95,1,583993
8.03,0,583183
8.86,0,582698
9.50,0,582126
9.05,1,581468
9.54,0,579130
8.69,0,577758
9.12,1,576150
8.85,0,573657
8.05,1,571074
1.00,1,570059
9.90,0,570010
9.00,0,570000
9.67,0,569773
8.47,0,569500
9.25,0,566800
6.69,1,566498
9.03,1,562764
8.78,1,562156
3.20,1,561803
9.42,0,560620
9.55,0,560578
8.70,1,559705
8.52,0,558433
9.18,0,557851
9.29,1,556496
9.31,0,553760
8.89,0,553159
10.0,0,553000
7.50,0,552041
9.24,0,551897
9.65,1,550728
8.50,0,550000
6.69,1,548998
9.00,0,547845
0.00,1,545735
8.00,1,545591
9.07,1,544656
5.51,0,543597
6.50,0,542950
5.08,1,541236
8.89,1,540972
9.50,0,540485
0.00,0,540056
8.46,0,538381
8.29,0,537920
8.82,1,537075
9.15,0,536547
10.0,0,536258
8.22,0,532324
8.47,0,532097
9.42,1,531953
8.69,1,531544
8.98,0,529138
10.0,1,528817
7.89,1,528149
0.00,0,527077
9.09,1,526282
9.81,1,524914
8.83,0,524572
0.00,1,524218
9.47,0,522794
8.95,0,522667
8.38,0,520800
7.00,0,520753
7.84,1,519983
8.66,0,519584
9.16,1,518916
10.0,1,518777
9.01,0,517286
8.51,0,516492
8.13,0,515522
8.04,0,515074
8.57,1,514417
8.00,1,514052
9.16,0,513202
9.45,0,510996
9.20,1,510878
7.40,0,510604
8.89,0,509740
9.68,0,509640
8.94,0,509623
6.23,0,508319
8.18,1,508285
9.73,1,507508
8.91,1,507257
9.40,1,503516
8.70,0,502807
8.24,1,502036
9.01,1,501863
8.01,0,501286
0.00,0,500806
8.96,0,499838
8.56,0,499000
9.37,0,498004
8.19,1,497880
9.36,1,492773
8.75,1,492465
8.49,1,491207
0.00,0,489855
9.76,0,489409
9.16,0,488242
10.0,0,488221
5.50,1,486274
6.08,1,485083
8.89,0,484479
8.73,0,483828
8.85,1,482988
8.99,0,480987
7.47,0,480528
7.45,1,480361
9.50,0,480040
9.72,0,478822
8.94,0,478392
9.06,0,477760
9.18,0,477513
9.18,1,476665
9.31,1,475309
8.47,0,475000
0.00,0,474000
8.85,0,472693
8.08,1,472692
8.26,1,472118
8.25,0,471818
8.95,0,471547
8.59,1,471103
9.65,1,470990
5.72,1,470548
7.99,1,470256
8.22,0,468817
8.74,1,468273
8.93,0,467697
5.00,0,467570
8.02,1,465749
8.93,0,465607
0.00,1,465599
8.89,1,465492
8.42,0,464607
9.66,0,464076
9.73,0,462999
0.00,0,462800
7.93,1,462176
0.00,0,460627
9.49,0,459535
8.15,0,459421
7.00,0,459404
9.73,0,458988
8.88,0,457343
9.04,1,453530
9.11,0,451669
8.86,0,450200
8.61,1,449407
8.04,1,449071
9.45,0,448826
8.69,0,448350
7.80,1,447569
8.97,1,446664
7.92,1,446510
9.76,1,445014
8.04,0,445009
9.61,1,444045
9.02,0,443889
9.28,0,443464
7.32,0,443462
8.71,0,441707
9.38,0,441525
0.00,0,440000
8.81,0,438833
8.80,0,438516
7.93,0,437101
8.43,1,436903
9.78,0,435551
8.68,1,435201
4.79,1,434877
9.01,1,433825
4.60,0,432999
9.45,1,432876
9.50,0,431376
6.56,1,431310
9.54,0,429569
8.29,1,429546
9.46,0,429141
9.50,1,428896
8.19,0,428429
8.39,0,428202
8.35,1,428139
9.32,0,427764
10.0,1,427154
9.05,0,426650
7.54,1,425972
8.35,1,425799
5.05,0,425571
6.38,1,424551
6.50,1,424514
8.56,1,424041
9.17,0,424002
8.85,0,423487
8.81,0,423026
8.48,0,422363
7.50,0,420000
7.58,1,418445
9.53,0,414626
9.28,1,414083
8.71,1,413157
8.52,0,412843
9.10,0,411858
8.56,1,410644
9.54,0,407264
9.40,0,406558
7.85,0,406526
9.25,0,406284
8.86,0,405580
7.94,1,404456
9.63,0,403624
7.02,0,402117
8.44,0,401477
9.56,1,400958
8.09,1,400329
8.07,0,399667
9.64,0,398097
6.48,1,397923
8.23,0,397913
8.13,0,397448
9.67,1,397381
8.72,1,396811
8.46,0,395865
8.67,0,395755
8.96,0,395000
9.03,1,394935
0.00,0,393962
9.28,0,391513
9.62,1,390741
9.19,1,389253
9.77,1,388499
8.79,0,387527
9.16,0,387409
8.46,1,385934
8.50,0,385841
9.66,1,385552
9.16,1,384790
8.53,0,384789
9.05,0,383862
5.50,1,383674
8.67,0,383655
9.23,0,383336
6.95,0,383332
8.95,0,382607
7.62,0,382422
9.49,0,381243
9.50,0,379377
8.54,0,378729
7.28,1,378520
7.68,0,377801
9.21,0,377591
7.64,0,376333
8.07,0,375573
8.37,0,374400
8.42,0,373344
0.00,1,370212
8.32,0,369000
9.25,0,366442
9.38,0,366277
8.03,1,365684
10.0,0,365656
8.91,0,365525
0.00,1,365518
8.26,0,364415
8.65,1,364251
9.19,0,362572
10.0,0,362000
6.98,1,361155
9.10,0,360661
9.04,0,360630
9.52,1,360556
9.66,0,359899
9.38,1,359663
7.50,1,358591
9.62,0,358286
8.10,0,358046
8.81,1,356976
8.73,0,356638
8.81,1,356342
8.76,0,356183
9.86,1,356143
8.90,0,355813
10.0,0,352691
8.90,0,352182
7.75,0,351882
9.43,0,351779
9.27,0,351555
8.71,1,351518
8.57,0,351276
9.20,0,351091
9.05,0,350563
8.66,1,350204
8.87,0,350129
6.90,1,349699
9.21,1,348883
9.45,0,348772
7.58,1,347141
8.39,0,346483
9.61,1,346441
6.62,0,346000
9.33,0,344876
0.00,1,344837
9.14,0,344766
9.56,0,343268
10.0,0,342586
10.0,0,342300
9.61,0,341882
9.15,1,341242
8.63,1,339844
7.50,0,339038
8.07,1,338168
9.54,1,338080
9.04,0,337213
8.98,0,336312
8.40,1,336065
9.83,0,335706
5.67,0,335000
9.17,0,334460
7.62,1,334323
6.83,0,332619
9.09,0,332180
5.50,0,332144
8.24,0,331877
8.45,1,331760
8.85,1,331595
9.82,1,330665
7.75,0,330380
5.78,1,329086
7.38,0,329029
9.38,0,328767
7.89,0,328637
6.66,0,328538
8.75,0,327612
9.07,1,327591
10.0,0,325171
9.40,1,325085
9.47,1,325016
9.01,1,324420
8.70,1,322459
10.0,1,322342
8.87,0,321654
9.65,0,320997
8.61,0,320923
9.13,1,320409
9.58,0,320353
9.29,0,320000
9.50,0,320000
9.66,0,319072
9.00,0,318350
8.11,0,318157
7.81,1,317505
7.51,1,317439
9.83,1,316788
8.85,0,316780
9.14,0,315888
0.00,1,315863
8.64,0,315809
8.33,0,315396
9.27,1,315348
9.31,0,315321
7.47,1,315305
0.00,1,315187
9.07,1,313953
9.06,1,312640
9.12,0,312576
8.40,1,312459
8.26,0,311495
8.17,0,311456
9.45,0,311274
9.50,0,310548
8.32,0,309729
8.90,1,308180
8.71,1,308057
8.76,0,307217
8.68,0,306837
9.27,0,306119
0.00,0,305993
9.52,1,305100
8.29,0,304360
8.42,1,303521
10.0,0,303458
9.05,0,303030
7.33,0,301595
7.43,1,301153
8.59,1,300541
9.63,0,300477
9.41,0,300000
8.68,0,299434
7.67,1,298983
8.85,0,298298
8.06,1,298086
9.31,0,297944
8.65,0,297356
9.22,0,297025
8.83,1,296532
9.00,0,295189
9.29,0,294702
8.97,0,294320
9.51,1,293787
8.76,0,293376
9.60,0,292992
8.85,0,292655
9.22,0,292641
9.00,0,292626
9.57,0,292529
8.87,1,292430
8.87,0,292217
9.30,0,291685
9.21,1,291143
8.58,1,290334
3.31,0,289829
9.57,0,289645
9.05,0,289534
8.15,1,289469
8.88,0,289117
6.86,0,288016
8.87,0,287984
8.85,1,286969
7.60,0,286657
8.86,0,285825
7.00,1,284872
7.90,0,284619
9.27,0,284360
9.25,0,283449
9.42,1,283300
8.90,1,282662
8.89,1,282651
9.63,0,282419
8.94,0,281642
7.50,1,281540
8.32,0,279488
9.23,1,278914
8.98,0,278015
9.07,0,277224
9.25,0,276379
9.29,0,276334
8.35,0,275739
7.50,0,274628
0.00,1,274469
0.00,1,274229
8.67,1,273959
9.41,1,272890
9.45,0,272736
0.00,1,272648
9.22,1,272062
7.71,0,271514
8.71,0,270779
8.75,0,270683
8.88,0,270602
8.94,1,270148
8.69,0,269947
0.00,1,269510
7.71,1,269157
8.84,0,268474
9.03,0,268154
9.81,1,267843
9.21,1,267588
9.17,0,267373
6.40,0,267300
9.04,0,266574
7.98,0,266487
7.97,1,266389
7.87,1,266253
0.00,0,266000
8.99,0,265744
10.0,0,265323
8.72,1,265227
9.22,1,264918
7.06,0,264525
9.00,0,262893
8.86,0,262291
9.66,0,262289
8.58,0,261889
9.28,0,260721
8.23,0,260144
6.50,0,258419
7.48,0,257808
8.10,0,257716
9.49,1,257381
8.00,0,257193
9.40,1,257106
9.66,0,256475
0.00,1,256346
7.82,0,255967
8.41,0,255636
8.15,1,255240
8.14,1,255151
6.02,0,254887
8.70,0,253838
7.83,1,253383
0.00,0,252476
8.99,0,252475
8.69,1,252457
8.75,1,252444
8.19,1,251314
6.88,0,251024
9.29,0,250900
8.73,1,250650
6.72,1,249463
8.15,1,249114
8.73,0,248943
8.55,0,248711
9.40,0,248215
8.75,0,247858
9.20,1,247373
9.75,0,247138
5.50,1,246966
8.18,0,246431
8.81,0,245343
5.29,1,244949
9.21,0,244421
9.62,0,244338
8.51,1,243094
6.53,0,242842
9.42,0,242707
8.81,0,242053
8.75,0,241676
9.00,0,241669
9.26,0,241514
9.04,0,241292
9.37,0,240990
0.00,0,240972
8.96,0,239674
9.70,0,239483
8.28,1,239067
9.30,0,238257
8.68,0,238073
7.74,1,238054
8.35,0,237200
5.71,1,237183
9.07,1,237147
7.76,1,236661
8.96,0,236359
9.15,0,236129
9.50,0,235724
8.51,0,235688
8.69,0,235466
9.16,1,235207
9.42,0,234427
8.28,0,233563
9.43,1,233347
9.45,0,233283
8.79,1,233211
8.19,0,232972
7.80,0,232532
9.44,0,232459
9.20,0,232016
9.54,0,231382
8.66,0,229610
8.59,0,229610
0.00,0,229144
9.30,0,229059
8.25,1,229014
8.29,0,228899
9.34,1,228539
9.33,0,228143
8.63,1,228090
8.99,0,227586
8.18,0,227354
8.47,1,226112
9.22,1,225842
0.00,0,225388
8.48,1,225146
8.76,0,224893
9.10,1,224891
9.63,0,224849
9.42,0,224452
9.57,0,224304
8.33,0,224182
6.67,0,224070
8.71,0,224000
9.47,0,223666
10.0,0,223503
10.0,0,223000
9.02,1,222953
6.30,1,222927
9.00,0,222860
8.77,1,222731
9.25,0,222594
8.92,1,222017
9.30,1,221925
7.61,1,221327
9.85,1,221176
0.00,1,220531
9.81,1,219962
8.47,0,219678
9.56,0,219621
8.11,0,218381
7.75,0,218314
8.59,0,217924
9.15,1,217493
9.24,1,217320
9.59,0,217077
8.98,0,216876
9.61,1,216861
9.38,1,216852
9.21,0,216755
10.0,1,216703
7.97,0,216676
0.00,1,216676
9.65,0,216487
9.65,1,215993
9.58,1,215362
8.81,0,214946
9.36,0,214003
9.36,0,213500
9.31,1,213487
10.0,1,213051
9.54,0,212902
7.89,1,212854
10.0,0,212842
7.48,0,212599
9.14,0,212368
8.73,0,212154
6.88,1,212035
9.43,0,211740
9.32,1,211290
9.24,0,210493
8.77,1,210278
0.00,1,210021
9.87,0,210018
9.92,0,209673
8.43,0,208912
7.81,0,208907
8.76,0,208094
8.92,0,208054
8.88,0,207500
8.47,1,206953
10.0,0,206320
9.62,1,205579
8.89,0,205284
7.99,0,204742
8.00,0,204100
8.52,1,203775
9.57,0,203476
6.69,0,202990
8.70,0,202805
9.22,1,202538
9.62,1,202148
3.67,0,202020
8.00,0,201550
9.49,0,201365
0.00,0,201300
8.43,0,200393
8.71,0,200123
9.14,0,200038
9.10,1,200016
9.04,0,199851
8.71,1,199200
8.67,0,199151
8.00,0,198824
0.00,0,198500
9.00,0,198240
10.0,1,198111
0.00,0,197793
0.00,0,197747
7.73,0,197678
9.40,0,197465
8.75,1,197408
7.88,1,197296
9.62,0,197238
9.00,0,196755
8.74,0,196405
8.50,0,195933
0.00,0,195913
8.78,0,195630
8.52,0,193815
7.63,0,193724
7.14,0,193578
7.25,1,193143
9.26,0,192726
7.59,0,192686
8.03,0,192530
8.63,0,192347
8.80,0,191783
5.13,1,191061
9.39,0,190893
9.41,0,190384
8.05,1,190110
8.31,0,189620
9.06,0,189348
9.46,0,189047
7.85,0,188807
9.16,0,186460
8.73,0,186234
8.07,0,186184
8.80,0,185960
9.74,0,185420
8.86,0,185339
0.00,0,185324
8.95,0,185080
6.25,1,184049
9.10,1,183650
9.31,1,182668
0.00,0,182050
9.23,0,181841
8.15,0,181649
7.57,1,180999
9.00,0,180826
8.08,0,180661
9.19,0,180618
0.00,0,180513
8.53,0,180486
8.72,0,180332
8.57,1,180178
9.46,0,180082
10.0,0,180022
7.00,0,180022
9.42,1,179680
10.0,0,179411
9.14,0,178434
8.98,0,177601
8.93,1,177535
7.46,1,177509
9.05,0,177483
8.50,0,176948
9.62,0,176852
9.14,1,176483
9.01,0,176152
9.45,0,175588
8.38,1,175152
8.71,0,175146
8.03,1,174879
5.00,0,174610
5.62,0,174543
9.22,0,173678
8.33,0,173263
9.70,0,172997
8.50,0,172693
9.37,0,172445
8.81,0,172380
6.00,0,172000
9.38,0,171577
8.91,0,171394
9.43,0,170998
9.04,0,170647
7.65,0,170446
8.67,0,170240
8.40,0,170000
0.00,0,170000
9.01,0,169855
9.11,0,169852
9.51,0,169257
9.59,0,169138
8.45,1,169072
8.70,0,169054
7.24,0,168708
9.20,1,168049
5.50,0,167652
9.00,0,167132
9.58,0,166092
9.24,1,165640
7.53,0,165538
8.75,0,165393
9.23,0,165123
0.00,0,165000
7.98,0,164606
8.93,0,164450
8.89,0,164067
9.66,0,163729
8.84,0,163494
7.72,1,163334
9.20,0,163257
9.00,0,162789
7.62,0,162604
9.00,1,161382
8.71,0,161302
8.32,0,161245
8.40,0,160860
8.59,0,160741
9.27,0,159948
9.48,0,159910
0.00,0,158727
8.62,1,158693
8.93,0,157972
8.32,0,157793
9.11,0,156983
7.89,0,156762
4.93,0,156744
8.12,0,156606
5.53,0,156488
7.82,0,155798
9.49,0,155374
9.16,0,154916
9.76,0,154342
8.31,0,154278
10.0,0,154036
8.63,1,153849
9.69,0,153591
0.00,0,153400
8.59,1,153278
9.27,0,153000
8.74,0,152670
8.00,0,152617
9.20,1,152314
0.00,0,152161
9.71,1,152061
9.02,1,152025
9.20,0,151833
7.00,0,151823
8.59,0,151476
6.41,1,151360
9.40,0,150942
8.07,0,150835
8.92,0,150447
9.44,0,150401
10.0,0,150326
9.00,0,150300
9.61,0,150226
9.24,0,150070
8.29,0,149720
6.20,0,149700
3.92,0,149181
0.00,0,149086
9.50,0,148964
0.00,1,148899
9.46,0,148760
8.30,0,148600
8.49,0,148512
8.14,0,148138
0.00,0,147877
8.72,0,147450
7.41,1,146548
8.73,1,146377
9.12,0,146148
8.69,0,146000
9.53,0,145751
9.07,0,145300
5.00,0,145300
8.25,0,145271
7.95,0,145000
8.49,1,144827
9.49,0,144338
7.60,0,144070
7.88,0,143947
9.16,0,143738
6.75,0,143490
9.55,0,142577
9.39,0,142456
8.76,1,142405
8.79,0,142336
7.91,0,141956
8.88,0,141719
9.71,1,141592
9.52,0,141480
9.00,0,141075
9.49,1,141025
8.35,0,140616
8.98,0,140522
9.38,0,140458
9.02,0,140350
9.19,0,139717
9.39,0,139541
8.35,1,139301
9.94,1,139217
8.97,0,139140
8.30,0,138462
9.07,0,138277
7.55,0,137955
8.22,1,137690
4.71,1,137413
9.69,1,137205
7.29,0,137126
10.0,0,137000
9.27,0,136946
9.11,0,136703
9.52,1,136612
9.58,0,136451
9.22,1,136134
5.47,1,136088
8.62,0,135900
7.46,0,135874
9.74,0,135797
1.00,0,135470
9.69,0,135398
10.0,0,135261
9.35,0,135094
9.77,0,134754
9.48,0,134029
9.08,1,134025
9.64,1,133946
9.06,0,133553
9.22,0,133476
1.00,1,133311
9.04,0,133272
8.93,1,133079
9.00,0,132856
9.80,0,132733
8.69,0,132657
9.20,0,132602
8.96,0,132059
9.31,1,131896
9.57,0,131748
8.58,1,131437
8.88,0,131436
8.14,1,131415
8.76,1,131217
9.70,0,130746
9.48,0,130678
0.00,0,130460
9.23,1,130275
9.10,0,130153
9.67,0,129950
7.28,1,129732
9.64,0,129645
8.18,0,129633
8.24,0,129544
10.0,1,129499
0.00,0,128958
0.00,1,128531
8.40,1,128472
8.11,0,128054
9.36,0,127495
6.81,1,127226
9.74,1,126870
8.89,0,126855
0.00,0,126748
8.68,0,126439
8.72,0,126384
9.10,0,126100
8.97,0,125800
9.51,0,125179
8.21,1,125168
2.33,0,125000
9.01,0,124601
9.40,0,124139
8.73,1,124127
9.76,1,124112
8.50,0,124000
9.50,0,123828
7.81,1,123770
9.44,1,123582
7.39,1,123538
9.55,0,123363
9.28,1,123065
8.67,0,123046
8.18,0,122963
8.56,0,122841
8.93,0,122797
0.00,1,122780
9.38,0,122698
8.71,0,122574
8.76,0,122410
8.19,0,122382
8.76,1,122172
9.52,0,122098
9.42,0,122039
7.50,0,121578
8.33,0,121500
0.00,1,121366
9.25,1,121018
8.40,0,120995
9.72,0,120952
8.94,0,120914
7.00,0,120910
8.41,0,120802
7.72,0,120700
7.81,0,120425
8.83,0,120352
8.50,0,119964
9.23,0,119963
9.06,1,119312
9.45,1,119197
9.48,0,118836
8.04,0,118286
8.63,1,117545
9.17,0,117465
9.06,0,117401
8.61,1,117263
8.49,0,117263
9.68,0,117188
8.58,0,117141
8.38,1,117058
7.59,1,116993
8.72,0,116992
8.77,0,116851
8.75,1,116788
0.00,0,116119
9.20,0,115878
9.66,0,115704
8.03,0,115454
8.50,0,115302
9.74,0,115106
10.0,0,115000
8.84,0,115000
8.62,0,114995
9.49,0,114887
7.90,1,114478
8.98,1,113795
9.67,0,113404
5.91,1,112156
6.33,1,112127
9.42,0,112121
7.96,0,112076
9.40,1,111927
8.29,0,111127
9.00,0,111048
8.80,0,111008
10.0,0,110963
4.75,0,110905
9.48,1,110805
8.30,1,110795
9.10,1,110771
0.00,0,110686
9.00,0,110500
9.33,0,110000
6.83,0,110000
9.12,0,109667
9.52,0,109313
7.27,1,109195
9.17,0,109160
8.67,0,109137
8.86,0,109094
8.11,1,109019
9.10,1,108730
10.0,0,108648
9.36,0,108551
8.61,0,108473
9.32,0,108317
7.00,0,108085
7.00,0,107789
9.44,0,107567
9.01,1,107444
8.28,0,107252
8.50,0,107154
8.27,0,107104
9.38,0,106980
7.32,1,106724
8.93,0,106511
8.69,0,106443
9.36,0,106241
9.75,0,106028
9.24,1,105925
8.66,0,105920
9.67,0,105886
7.61,1,105818
9.00,0,105654
3.45,1,105650
8.88,0,105340
9.62,0,105202
8.88,0,105151
7.00,0,104936
7.00,1,104850
6.73,1,104736
9.33,0,104601
5.50,0,104428
7.68,0,103918
9.83,0,103852
5.90,1,103627
9.33,0,103625
8.79,0,103554
7.00,1,102742
9.85,1,102722
9.13,0,102195
7.01,1,102170
8.54,1,102152
9.92,0,101665
8.07,0,101461
8.62,0,101460
8.59,0,101197
8.20,0,101139
8.97,0,100543
10.0,0,100450
9.14,0,100225
9.63,0,100054
8.31,0,100021
8.98,0,100000
10.0,0,100000
7.00,0,100000
7.27,0,99914
8.14,0,99793
7.74,0,99692
9.24,0,99106
6.64,1,98971
7.52,0,98866
9.20,0,98834
9.29,0,98660
9.39,0,98575
0.00,0,98557
8.28,0,98527
9.28,1,98495
6.97,0,98435
8.97,0,98398
9.34,0,98161
8.31,0,97883
9.55,0,97800
9.39,0,97787
7.15,0,97555
8.68,0,97092
6.55,0,96824
9.48,0,96683
9.50,0,96462
8.25,1,96410
8.43,1,96305
9.68,1,96137
8.33,0,96079
8.25,1,96077
8.11,0,95594
8.95,0,95542
7.44,1,95415
8.92,0,95000
0.00,0,94993
7.20,0,94928
7.95,0,94920
9.67,1,94790
9.85,0,94767
8.32,0,94750
8.55,0,94652
9.54,0,94243
7.00,0,94200
9.48,0,94177
10.0,0,94000
5.64,0,93336
9.54,1,93239
8.38,0,93191
9.25,0,93005
9.42,0,92729
7.57,0,92598
0.00,0,92535
6.57,0,92505
8.50,0,92433
9.46,1,92404
8.92,0,92358
8.48,0,91960
9.73,0,91387
9.93,1,91253
8.69,0,91164
8.89,0,91143
8.48,0,91066
8.05,0,90840
8.43,0,90666
9.00,1,90562
10.0,0,90485
9.29,0,90373
0.00,0,90062
10.0,0,90000
7.05,0,89526
9.59,0,89358
9.00,0,89328
9.61,0,89103
0.00,0,89000
7.00,0,88977
8.95,1,88953
9.24,0,88522
9.28,0,88199
7.50,0,87963
9.29,0,87915
9.71,0,87908
9.16,0,87426
8.85,0,87354
8.93,0,87301
9.28,0,87155
0.00,0,87064
5.50,0,86855
0.00,0,86623
8.77,0,86528
7.63,0,86400
9.43,0,86293
0.00,0,86000
3.43,0,85840
9.00,0,85614
9.54,0,85568
7.00,1,85559
8.94,0,85200
6.20,0,85184
8.75,0,85166
8.94,1,85076
9.16,0,84859
7.87,0,84798
9.48,0,84255
0.00,1,84015
7.07,0,83864
9.61,0,83600
9.00,0,83411
0.00,0,83346
9.06,0,83334
9.11,1,83289
9.43,1,82995
8.00,0,82800
8.21,0,82779
7.58,0,82610
9.24,0,82571
8.95,0,82177
8.95,0,82148
0.00,0,81973
0.00,0,81423
9.04,0,81352
7.29,0,80989
9.48,1,80977
8.68,0,80900
9.28,0,80769
8.45,0,80754
8.44,0,80614
8.82,0,80367
9.17,0,80345
9.45,0,80248
8.27,0,80197
10.0,0,80030
9.05,0,80000
9.85,0,79812
8.83,0,79701
8.50,0,79650
7.36,0,79625
8.62,1,79471
9.57,0,79179
7.72,0,79017
10.0,0,79000
9.14,0,78930
8.56,0,78571
8.88,0,78494
9.28,0,78336
9.02,0,78253
6.72,0,78220
1.00,1,78156
8.24,0,78070
8.56,0,78049
7.29,0,77621
0.00,0,77533
8.11,0,77341
8.82,0,77308
9.67,0,77074
8.31,0,76985
6.00,0,76965
0.00,0,76834
8.44,0,76803
0.00,0,76700
9.71,0,76400
9.22,0,76343
2.90,0,76321
8.28,0,75957
9.89,0,75704
6.89,0,75668
8.00,0,75647
8.49,1,75642
9.18,0,75598
8.47,0,75462
10.0,1,75297
5.50,0,75126
0.00,0,75000
8.08,0,74912
3.25,0,74905
9.33,1,74765
9.45,0,74416
8.02,0,74346
8.70,0,74282
9.27,0,74242
7.03,0,74143
5.17,1,74131
5.13,1,74044
9.72,0,73729
4.69,1,73582
6.87,0,73549
8.72,0,73462
4.59,0,73298
9.20,0,73200
9.23,0,73139
7.82,1,73132
7.22,0,73126
8.47,1,73034
10.0,0,72928
9.57,1,72895
8.32,0,72849
8.33,0,72724
10.0,0,72694
7.61,0,72582
8.24,0,72574
8.53,1,72495
8.63,0,72071
9.35,0,72046
8.91,0,71796
0.00,0,71506
8.89,0,71506
9.45,0,71483
10.0,0,71454
9.21,1,71330
6.19,0,71294
8.12,0,71264
8.56,0,71212
8.07,1,70969
8.74,0,70506
0.00,0,70498
9.60,1,70350
0.00,0,70300
8.07,0,70109
8.35,1,70053
7.62,0,70051
8.20,0,69912
8.51,0,69786
9.06,0,69586
6.64,0,69530
9.00,0,69529
8.51,0,69470
10.0,0,69350
8.30,0,69303
9.29,0,69095
8.40,0,69047
7.26,0,69011
8.56,0,69000
8.54,0,68897
0.00,0,68828
8.00,0,68815
9.33,0,68794
8.81,0,68770
0.00,0,68726
8.80,0,68711
9.50,0,68569
8.77,1,68367
8.32,0,68312
6.76,0,68143
8.26,0,67663
10.0,0,67626
7.08,0,67499
8.33,0,67394
9.34,1,67267
6.59,0,67202
9.80,1,67167
9.63,1,67027
9.09,0,67001
9.66,0,67000
8.65,0,66883
9.33,0,66753
9.17,0,66740
8.74,0,66733
8.46,1,66698
8.00,0,66650
9.49,0,66562
0.00,1,66524
0.00,0,66456
9.34,0,66376
9.48,0,66319
7.85,1,66224
8.35,0,66219
9.22,1,66216
9.22,0,66075
9.17,0,66074
6.58,0,65990
8.43,0,65910
9.05,0,65887
10.0,0,65610
8.15,1,65570
8.67,0,65493
0.00,0,65419
0.00,0,65414
9.50,1,65282
8.77,0,65145
6.62,0,65000
7.97,0,64744
0.00,0,64667
8.47,0,64449
0.00,1,64334
7.71,0,64310
9.76,0,64159
8.90,1,64078
8.58,0,63857
9.68,1,63820
7.50,0,63638
5.54,0,63329
10.0,0,63108
8.47,0,63073
8.75,1,62788
9.00,0,62754
5.50,0,62405
8.00,0,62383
7.81,0,62071
9.59,0,62055
9.32,0,62016
8.76,0,61993
9.64,0,61927
9.29,0,61901
9.22,0,61808
6.70,1,61784
7.36,0,61652
9.69,1,61480
9.15,0,61423
9.12,0,61414
9.28,0,61046
5.93,0,60981
8.88,0,60977
9.13,0,60944
10.0,0,60941
10.0,0,60935
8.89,0,60788
1.00,0,60666
9.22,0,60643
9.35,0,60553
8.97,1,60520
8.28,0,60485
3.66,1,60457
9.22,0,60376
9.77,0,60371
9.15,0,60365
0.00,0,60265
8.19,0,60154
9.51,0,60048
7.71,0,60000
10.0,0,59929
6.95,0,59881
9.58,0,59881
9.74,1,59662
1.00,1,59652
7.21,1,59624
8.22,1,59611
9.38,0,59374
8.45,0,58960
0.00,0,58800
9.16,0,58784
9.38,0,58704
8.00,0,58385
9.63,0,58383
9.71,0,58345
9.00,0,58300
9.48,0,58027
9.40,0,57721
8.65,0,57652
8.89,0,57585
6.50,0,57525
9.17,0,57447
7.32,0,57387
9.47,0,57308
10.0,1,57271
9.44,0,57247
8.80,0,57234
9.98,0,57186
8.94,0,57000
7.34,1,56958
2.94,0,56907
8.62,0,56872
9.62,0,56835
7.69,0,56709
9.59,1,56552
7.73,1,56547
9.57,0,56515
8.86,1,56420
8.89,0,56107
8.28,0,55970
8.37,0,55892
7.81,0,55875
8.41,0,55672
9.18,0,55619
9.36,0,55561
9.41,0,55561
9.27,0,55355
7.60,1,55342
9.39,0,55330
8.58,0,55257
8.93,0,55227
8.76,1,55132
8.74,0,55000
7.57,0,54972
8.05,0,54624
9.00,0,54623
8.51,0,54555
5.51,0,54511
7.22,1,54461
7.84,0,54450
8.85,0,54239
7.00,0,54100
9.15,0,54098
7.09,0,54000
0.00,0,53838
9.19,0,53779
7.91,0,53744
9.12,0,53576
7.18,0,53555
8.88,0,53519
9.38,0,53500
6.50,1,53450
9.33,1,53423
0.00,1,53418
7.23,0,53200
9.00,0,53103
9.49,1,52852
9.61,0,52816
8.53,1,52787
9.57,0,52743
8.92,0,52700
8.62,0,52688
9.68,0,52597
0.00,0,52544
9.24,0,52488
0.00,0,52477
8.59,0,52426
7.95,0,52197
8.38,0,52193
9.08,0,52159
9.33,0,52154
9.27,0,52094
9.16,0,52059
9.07,0,52010
7.75,0,51917
9.29,0,51884
9.09,0,51646
8.37,0,51637
9.56,0,51555
8.81,0,51553
9.21,0,51337
8.85,0,51304
9.14,1,51272
6.33,0,51270
9.82,0,51228
8.47,1,51207
9.10,0,51151
9.88,0,50956
8.67,0,50905
8.25,0,50839
8.58,0,50768
6.42,0,50631
9.40,0,50529
8.65,0,50514
6.22,0,50390
3.09,0,50288
7.22,0,50274
8.93,0,50196
7.07,1,50163
8.31,0,50098
3.63,0,50000
10.0,0,50000
6.75,0,50000
7.60,1,49925
10.0,0,49900
9.30,0,49813
0.00,0,49691
7.66,1,49431
9.41,0,49374
8.70,0,49052
8.42,0,48984
9.55,0,48931
9.18,0,48844
9.48,0,48710
9.00,0,48624
9.36,0,48549
8.50,0,48402
8.80,1,48396
7.12,1,48341
9.57,0,48284
9.41,0,48223
10.0,0,48094
6.75,1,48069
9.09,0,48051
8.55,0,47684
8.88,0,47668
8.73,0,47557
2.33,0,47543
10.0,0,47502
6.00,0,47446
7.67,0,47226
9.56,0,47197
7.86,0,47160
9.52,0,47105
0.00,0,46884
8.97,0,46796
8.69,1,46781
8.96,0,46775
9.48,0,46756
9.29,0,46735
8.44,0,46723
8.60,0,46638
9.41,0,46623
8.92,0,46589
8.95,0,46479
8.90,0,46373
8.50,1,46330
9.03,0,46285
9.12,0,46282
5.19,0,46239
10.0,0,46200
8.95,0,46124
8.35,0,46079
8.71,1,46025
8.95,0,46010
9.45,0,45896
9.48,0,45865
9.12,1,45818
6.37,0,45755
9.38,0,45701
6.52,0,45638
9.79,0,45485
9.14,1,45454
6.70,0,45406
9.57,0,45379
9.04,0,45290
6.85,0,45275
8.88,0,45271
9.67,0,45250
9.35,0,45166
8.38,0,44988
9.72,1,44961
9.57,0,44824
9.06,0,44689
8.06,0,44677
8.33,0,44649
9.26,1,44546
6.37,0,44466
9.74,0,44231
6.71,0,44198
8.38,0,44131
9.50,0,44087
9.56,0,44000
10.0,0,43978
8.83,0,43964
8.28,0,43947
8.29,0,43901
8.70,0,43881
9.07,0,43823
9.77,0,43743
7.76,0,43674
8.36,0,43613
8.26,0,43562
9.00,0,43550
8.04,1,43457
6.15,1,43348
8.85,0,43288
9.42,0,43281
9.50,0,43127
9.69,0,43094
9.41,0,42842
0.00,0,42720
8.15,1,42708
8.07,0,42419
8.50,0,42387
8.05,0,42274
9.53,0,42210
9.56,0,42088
10.0,0,42000
9.16,0,41957
8.37,0,41919
0.00,0,41853
8.75,0,41727
9.42,1,41620
8.05,0,41416
8.45,0,41301
9.33,0,41242
5.99,0,41209
9.18,0,41198
7.62,0,41172
9.55,0,41041
7.73,1,41023
9.08,0,40978
8.20,1,40842
9.06,0,40793
9.43,0,40766
9.00,0,40604
6.77,0,40519
9.56,0,40519
2.00,0,40414
9.67,0,40374
8.56,0,40366
8.87,0,40214
9.24,0,40161
8.49,1,40096
8.95,0,40094
9.43,0,40058
7.92,0,39943
8.00,0,39916
9.22,0,39914
8.60,0,39731
9.35,0,39600
9.67,0,39585
0.00,0,39577
8.00,0,39500
7.00,0,39394
9.77,0,39349
5.84,0,39266
9.61,0,39072
10.0,0,38883
6.18,0,38862
9.67,0,38706
9.96,1,38658
9.00,0,38653
9.17,0,38558
8.40,1,38432
9.21,0,38313
9.49,0,38305
6.87,0,38254
9.38,0,38219
7.90,0,38155
7.97,0,38149
9.29,0,38096
10.0,0,38000
5.83,0,37960
9.56,0,37954
9.53,0,37943
9.44,0,37823
8.40,0,37711
8.92,0,37676
8.61,0,37547
9.61,0,37329
8.14,0,37258
9.19,0,37182
7.59,1,37134
8.28,0,37112
0.00,0,37100
10.0,0,37086
0.00,1,36875
9.23,0,36811
9.55,0,36808
9.54,0,36792
7.52,0,36737
8.38,1,36492
8.43,0,36485
7.50,0,36420
9.38,0,36274
9.50,0,36068
9.83,0,36033
8.61,0,35984
8.67,1,35959
0.00,0,35908
9.12,0,35907
8.88,0,35857
0.00,0,35758
7.33,1,35578
8.30,0,35569
9.55,0,35517
9.85,0,35400
8.64,0,35354
8.47,0,35328
9.44,0,35318
7.21,0,35263
9.02,1,35241
10.0,1,35213
9.13,0,35124
9.13,0,35111
0.00,0,35000
9.94,0,34995
8.58,0,34995
7.31,0,34984
8.13,0,34888
8.86,0,34876
6.54,1,34740
8.77,0,34724
10.0,0,34688
9.83,0,34670
8.67,0,34625
9.50,0,34616
7.97,0,34584
8.23,0,34517
7.61,0,34515
9.43,0,34501
0.00,0,34450
8.01,0,34439
8.97,0,34427
0.00,0,34349
9.00,0,34295
9.50,0,34269
9.62,0,34225
9.27,0,34179
0.00,0,34097
9.49,0,34012
8.84,0,33993
7.00,0,33920
8.59,1,33884
9.38,0,33751
9.70,0,33579
7.17,0,33505
9.29,0,33481
7.84,1,33469
9.59,0,33464
8.29,0,33360
8.76,0,33188
9.64,0,33036
9.50,0,33008
8.80,1,32988
9.07,1,32986
10.0,0,32904
9.06,0,32668
8.30,0,32626
9.06,0,32453
8.37,0,32350
8.93,0,32307
7.30,0,32278
7.50,1,32267
0.00,0,32256
9.52,0,32204
8.66,0,32187
9.63,0,32126
9.87,0,32070
8.80,0,31843
9.66,1,31805
9.22,0,31798
8.41,0,31713
7.50,1,31654
8.12,0,31640
10.00,0,31564
7.06,1,31522
9.04,0,31368
10.0,0,31265
0.00,0,31249
7.94,0,31211
8.97,0,31172
8.00,0,31171
9.39,1,31152
9.12,0,31101
6.62,0,31068
9.11,0,31048
8.48,0,31042
9.11,0,31032
9.38,0,31022
7.29,0,30926
8.62,0,30793
9.69,0,30656
8.84,0,30600
8.85,0,30590
8.62,0,30561
9.55,1,30545
8.33,0,30525
10.0,0,30467
0.00,0,30389
8.25,0,30373
0.00,0,30349
9.19,0,30257
7.85,1,30221
8.95,0,30193
9.36,0,30181
8.40,0,30140
8.60,0,30131
9.73,0,30117
9.76,0,30053
9.67,0,29906
8.12,0,29891
9.48,0,29887
8.95,0,29728
9.57,0,29694
8.84,0,29648
9.09,0,29473
8.23,0,29441
8.70,0,29400
0.00,1,29346
0.00,0,29308
7.25,0,29287
9.38,0,29281
8.89,0,29223
9.67,0,29120
9.06,0,29114
4.59,1,29110
8.50,0,29033
7.41,0,28723
8.21,1,28698
9.62,0,28626
5.22,0,28611
6.50,0,28611
8.64,0,28567
9.46,0,28548
8.67,0,28507
0.00,0,28414
9.72,0,28364
8.36,0,28353
9.35,0,28324
8.14,1,28318
9.59,0,28250
9.39,0,28220
9.03,0,28121
6.53,0,28019
7.08,0,27929
4.73,0,27904
8.68,0,27858
8.88,0,27847
8.01,1,27840
0.00,1,27838
6.50,0,27830
8.50,1,27750
9.00,0,27642
9.35,1,27521
7.42,0,27492
9.57,0,27463
0.00,0,27440
8.48,0,27412
9.31,0,27345
8.69,0,27302
8.39,0,27279
7.25,0,27257
8.89,0,27167
7.88,1,27070
9.61,0,27039
8.72,0,27010
0.00,0,26840
0.00,0,26830
8.59,0,26812
9.17,0,26777
8.12,0,26758
8.39,0,26748
9.23,0,26738
9.22,0,26670
9.35,0,26640
8.30,0,26629
6.67,0,26434
8.89,0,26387
6.85,0,26381
9.86,0,26377
0.00,0,26361
8.12,0,26346
7.92,0,26319
1.57,0,26278
9.44,0,26262
9.90,0,26117
8.77,0,26004
8.85,0,25908
0.00,0,25694
8.96,0,25689
3.00,0,25681
9.08,0,25656
10.0,0,25649
8.86,0,25595
9.90,0,25538
7.55,0,25531
6.20,0,25458
5.00,0,25450
8.33,0,25440
8.55,0,25431
10.0,0,25429
7.00,0,25309
9.67,0,25288
8.92,0,25260
10.0,0,25171
9.33,0,25149
10.0,0,25000
7.80,0,25000
8.92,0,24815
9.50,1,24810
8.84,0,24799
8.00,0,24640
9.65,0,24603
9.58,0,24600
8.04,0,24595
0.00,0,24595
7.56,0,24579
9.60,0,24498
9.29,0,24496
9.09,0,24492
9.61,0,24466
8.83,0,24451
7.73,0,24450
9.45,0,24444
0.00,0,24398
9.70,0,24381
8.52,1,24348
9.23,0,24346
7.00,0,24339
9.91,0,24268
9.57,0,24163
0.00,0,24136
6.42,0,24111
8.26,0,24083
9.00,0,24040
9.68,0,23926
8.40,0,23900
9.05,0,23883
8.67,0,23858
9.25,0,23827
9.67,0,23721
9.50,0,23688
0.00,0,23641
9.42,0,23639
9.00,0,23626
8.31,1,23605
9.68,0,23597
9.86,0,23586
9.39,0,23555
9.37,0,23541
8.20,0,23530
7.71,0,23509
10.0,0,23496
9.84,0,23496
9.66,0,23493
7.15,0,23462
8.36,0,23450
9.14,1,23390
9.26,0,23350
8.28,0,23306
7.70,0,23233
9.07,0,23148
9.32,0,23084
9.72,0,23057
8.83,0,23021
5.50,0,23000
9.17,0,22921
0.00,0,22900
8.87,1,22895
9.64,0,22893
7.60,1,22870
7.11,0,22771
8.27,0,22745
9.02,0,22617
9.63,0,22612
9.71,0,22600
7.85,0,22570
8.74,0,22526
9.41,0,22466
8.44,0,22464
9.00,1,22413
9.35,0,22350
9.33,0,22173
8.69,1,22097
7.91,0,22091
9.27,1,22070
8.79,1,22025
8.91,0,22006
10.0,0,22000
9.71,0,21893
7.00,0,21889
9.38,0,21857
9.45,0,21854
9.13,0,21797
8.30,0,21736
8.45,1,21705
7.34,0,21692
9.88,0,21687
7.93,1,21678
9.71,0,21647
9.51,1,21604
10.0,0,21586
9.85,0,21571
9.10,0,21448
9.22,0,21424
9.45,0,21318
0.00,0,21306
8.30,0,21280
9.61,0,21212
0.00,0,21200
9.05,0,21088
9.57,0,21061
9.46,0,21053
9.25,0,20976
8.93,1,20975
7.81,0,20961
10.0,1,20896
9.20,1,20811
4.01,0,20803
10.0,0,20798
9.31,0,20796
9.79,0,20702
9.50,0,20644
9.56,0,20599
8.39,1,20491
9.29,0,20488
9.36,1,20463
9.21,0,20448
9.44,0,20430
8.38,0,20427
6.82,1,20388
7.61,0,20380
8.20,0,20323
8.50,0,20259
8.43,0,20258
0.00,0,20199
8.73,0,20195
8.48,0,20175
8.42,0,20116
2.04,0,20085
9.42,0,20063
9.18,0,20056
9.75,0,20041
0.00,0,20017
10.0,0,20000
8.45,0,20000
9.58,0,19986
8.16,0,19933
8.83,0,19922
9.29,0,19919
9.50,0,19917
8.50,0,19897
9.21,0,19856
8.54,1,19734
6.87,0,19716
9.40,0,19623
9.34,0,19596
9.69,0,19590
0.00,0,19569
8.39,0,19548
8.00,1,19488
8.98,0,19460
10.0,0,19445
8.57,0,19434
9.06,0,19426
8.96,0,19423
9.14,0,19415
9.40,0,19412
9.62,0,19405
9.46,0,19387
7.37,0,19376
8.23,1,19324
8.84,0,19315
8.45,0,19287
8.82,0,19252
9.53,0,19214
8.75,0,19142
8.67,1,18996
9.49,0,18966
9.55,0,18940
9.28,0,18919
9.62,0,18883
7.10,0,18872
9.23,0,18845
9.80,0,18804
10.0,0,18800
9.00,0,18799
8.58,0,18797
9.00,0,18793
8.18,0,18769
8.50,0,18740
0.00,0,18723
8.38,0,18715
9.34,0,18705
0.00,0,18621
9.94,0,18545
9.64,0,18533
9.12,0,18489
9.39,0,18485
10.0,0,18454
9.45,1,18383
3.00,0,18351
4.33,0,18346
9.31,0,18342
9.33,0,18310
9.69,0,18254
9.25,0,18248
8.40,0,18197
9.50,0,18186
6.11,0,18157
0.00,0,18157
0.00,0,18113
8.30,0,18061
7.34,1,18059
8.94,0,18057
8.00,0,18042
7.04,0,18028
7.77,0,18023
9.21,0,18022
9.31,0,18020
8.78,0,17977
9.40,0,17956
3.47,0,17924
8.17,0,17916
9.12,0,17875
8.63,0,17827
8.02,0,17823
8.47,1,17797
9.31,0,17766
5.00,0,17632
8.72,0,17631
9.74,0,17625
10.0,0,17588
9.59,0,17563
0.00,0,17563
8.64,0,17539
8.04,0,17535
9.00,0,17529
9.68,0,17449
9.04,0,17444
8.67,0,17423
9.66,0,17403
8.98,0,17373
9.35,0,17372
9.44,0,17362
0.00,0,17362
7.75,0,17348
9.60,0,17340
8.27,0,17327
9.13,0,17324
6.47,0,17322
9.77,0,17305
0.00,0,17303
9.00,0,17257
9.57,0,17252
8.32,0,17216
0.00,0,17200
8.62,0,17190
7.94,0,17097
8.84,0,17088
0.00,0,17060
8.70,0,17022
8.50,0,17018
8.20,0,16969
8.36,0,16936
9.35,0,16912
9.10,1,16907
7.95,0,16875
8.89,0,16859
9.72,0,16844
8.84,0,16828
8.89,0,16626
9.08,0,16624
9.79,0,16620
9.60,0,16580
9.93,0,16578
8.31,0,16577
6.87,0,16566
7.95,0,16555
9.44,1,16439
9.15,0,16385
9.35,1,16369
8.18,1,16356
9.00,0,16204
9.20,0,16202
6.39,0,16199
9.71,0,16187
10.0,0,16186
10.0,0,16095
5.69,0,16091
9.37,0,16029
10.0,0,16000
8.00,0,16000
9.00,0,15997
0.00,0,15989
6.23,0,15974
9.34,0,15968
9.97,0,15965
8.15,0,15890
9.26,0,15867
9.07,0,15846
8.19,0,15800
9.40,1,15719
9.38,0,15671
9.00,0,15654
6.00,0,15594
10.0,0,15589
8.57,0,15576
7.20,0,15539
10.0,0,15501
9.46,0,15493
7.27,0,15485
10.0,0,15431
0.00,0,15400
8.70,1,15386
9.86,0,15382
9.43,0,15315
8.00,0,15276
8.23,0,15258
9.31,0,15252
8.21,0,15241
9.60,0,15213
9.71,1,15202
8.79,0,15147
1.00,0,15135
9.70,0,15116
0.00,0,15100
9.55,1,15088
9.87,0,15074
9.08,0,15053
9.02,1,15050
7.89,0,15050
9.27,0,15039
9.31,0,15017
9.75,0,15001
8.00,0,15000
9.12,0,14983
9.43,0,14976
9.58,0,14964
9.38,0,14955
9.18,0,14954
4.50,0,14932
9.32,0,14925
9.65,0,14916
8.00,0,14914
9.00,0,14880
7.86,0,14807
9.50,0,14790
6.98,0,14767
9.57,0,14746
7.76,0,14744
9.15,0,14711
8.16,0,14711
7.21,0,14696
8.16,0,14687
8.82,0,14665
7.70,0,14663
0.00,0,14628
9.86,0,14595
9.70,0,14557
8.77,0,14488
8.77,0,14461
9.40,0,14440
8.85,0,14436
8.14,0,14426
8.74,0,14423
4.00,0,14396
7.16,0,14386
8.80,0,14343
9.02,0,14331
9.22,0,14323
9.57,0,14300
9.88,0,14289
0.00,0,14245
9.09,0,14241
9.12,0,14236
9.10,1,14226
8.20,0,14190
8.69,0,14188
0.00,0,14168
7.22,1,14153
5.24,1,14104
8.29,0,14096
0.00,0,14083
8.76,0,14064
9.29,0,14063
5.78,0,14043
0.00,0,14000
10.0,0,13955
10.0,0,13940
7.44,0,13938
9.63,0,13912
8.77,0,13904
8.11,0,13853
9.00,0,13827
9.62,0,13809
9.91,0,13802
9.44,0,13797
8.43,0,13792
9.12,0,13791
9.17,0,13747
8.69,0,13677
10.0,0,13557
10.0,0,13533
9.29,0,13529
8.50,0,13520
9.50,0,13512
7.35,0,13484
8.57,0,13478
9.17,0,13477
7.60,0,13475
7.95,0,13426
9.40,0,13416
9.00,0,13399
8.78,0,13377
9.21,0,13373
7.76,0,13372
9.75,0,13371
7.91,1,13319
0.00,0,13307
8.80,0,13283
9.25,0,13279
9.21,0,13267
9.54,0,13234
9.90,0,13217
9.41,0,13213
9.49,0,13196
9.59,0,13194
8.56,0,13165
9.44,0,13130
8.99,0,13124
9.73,1,13118
7.44,0,13113
7.86,0,13090
10.0,1,13051
6.50,0,13050
4.83,0,13016
8.63,0,12990
9.00,0,12983
7.54,0,12981
9.04,0,12943
8.69,0,12941
4.11,0,12876
0.00,0,12866
9.06,0,12859
8.94,0,12845
9.17,0,12831
8.83,0,12827
8.27,0,12812
7.73,0,12806
9.44,0,12804
7.82,0,12767
8.79,1,12733
9.27,0,12717
7.17,0,12696
8.76,0,12696
2.12,0,12694
9.44,0,12685
9.27,0,12670
9.69,0,12635
9.22,0,12631
9.50,1,12621
8.00,0,12572
8.50,0,12557
8.59,0,12545
9.52,0,12542
9.65,0,12536
9.29,0,12491
10.0,0,12476
9.08,0,12465
10.0,0,12462
9.75,0,12460
4.00,0,12439
6.53,1,12417
8.89,0,12379
7.62,0,12377
8.91,1,12371
10.0,0,12367
8.63,0,12353
8.53,0,12311
0.00,0,12293
7.00,0,12288
9.00,1,12260
10.0,0,12255
9.52,0,12250
9.77,0,12249
6.01,0,12203
6.66,0,12135
8.25,0,12103
10.0,0,12099
5.72,0,12087
9.00,0,12084
9.51,0,12082
8.16,0,12056
7.26,0,12054
8.69,0,12049
8.05,0,12048
7.52,0,12043
9.65,0,12033
9.18,0,12031
9.24,0,12026
9.67,0,11999
9.40,0,11974
8.03,0,11969
9.10,0,11939
9.00,0,11879
9.20,1,11837
9.83,0,11830
4.92,0,11823
8.79,0,11811
9.67,0,11808
8.50,0,11802
9.12,0,11785
9.00,0,11782
9.45,0,11777
8.09,0,11774
8.75,0,11743
9.72,0,11735
9.57,0,11728
9.16,0,11703
7.67,0,11674
8.68,0,11666
8.81,0,11662
8.28,0,11655
8.44,0,11650
0.00,0,11645
0.00,0,11638
9.60,0,11613
8.33,0,11575
8.71,0,11568
8.63,1,11547
10.0,0,11546
10.0,0,11545
7.62,0,11484
7.78,0,11469
9.54,0,11420
9.50,0,11418
7.33,0,11414
7.83,0,11403
9.03,1,11402
9.67,0,11348
10.0,1,11343
9.54,0,11316
9.35,0,11314
6.93,0,11302
3.80,0,11287
6.33,0,11263
9.66,0,11221
7.27,0,11206
7.95,0,11178
9.21,0,11164
9.35,0,11162
8.48,0,11161
7.27,0,11156
8.52,0,11143
9.69,0,11135
9.50,0,11130
9.90,0,11090
9.62,0,11085
9.94,0,11061
0.00,0,11049
9.77,0,11048
9.00,0,11027
8.80,0,10987
9.12,0,10985
9.57,0,10972
0.00,0,10965
8.37,0,10960
7.45,0,10942
8.33,0,10935
5.64,0,10922
0.00,0,10910
9.70,1,10905
8.72,0,10895
9.45,0,10887
9.03,0,10881
9.67,0,10843
7.76,0,10842
9.75,0,10823
7.94,0,10761
8.67,0,10751
8.40,0,10737
7.78,0,10710
9.44,0,10681
8.02,0,10654
5.33,0,10647
9.01,0,10646
9.09,0,10618
9.00,0,10615
10.0,0,10612
9.00,0,10608
9.11,0,10566
9.00,0,10560
9.29,0,10557
10.0,0,10556
7.94,0,10555
8.49,0,10516
9.00,0,10502
9.00,0,10483
7.27,1,10448
8.14,0,10436
10.0,0,10424
9.38,0,10418
9.00,0,10393
0.00,0,10382
8.97,0,10379
8.62,0,10368
7.55,0,10367
0.00,0,10362
8.38,0,10351
7.63,0,10328
0.00,0,10320
9.30,0,10312
8.00,0,10306
0.00,0,10294
9.41,0,10278
9.08,0,10169
8.78,0,10141
9.16,0,10138
9.56,0,10119
8.25,0,10107
9.31,0,10107
6.18,0,10103
8.31,0,10094
8.83,0,10091
9.00,0,10075
10.0,0,10055
9.81,0,10039
0.00,0,10036
8.76,0,10031
9.89,0,10023
8.03,0,10023
9.75,0,10018
0.00,0,10000
7.25,0,10000
9.07,0,9998
9.78,0,9997
9.50,0,9994
4.40,0,9939
9.44,0,9898
9.38,0,9891
9.05,0,9851
9.47,0,9826
9.82,0,9817
4.25,0,9815
0.00,0,9814
9.20,0,9792
0.00,0,9753
7.78,0,9736
9.38,0,9732
8.00,0,9717
7.10,0,9710
8.20,0,9694
10.0,0,9669
9.79,0,9662
9.15,0,9644
8.00,0,9622
8.71,0,9620
7.00,0,9603
10.0,0,9593
7.82,0,9582
8.52,0,9579
10.0,0,9575
8.20,0,9569
5.48,0,9566
9.56,0,9558
9.58,0,9538
9.09,0,9533
7.84,0,9518
8.37,1,9516
7.75,0,9505
9.12,0,9500
10.0,0,9495
9.60,0,9488
9.05,0,9483
5.06,0,9469
7.84,0,9442
9.00,0,9406
6.55,0,9389
6.50,0,9381
9.43,0,9381
8.66,1,9368
9.36,0,9357
0.00,0,9346
7.88,0,9341
2.00,0,9321
1.00,0,9241
10.0,0,9236
10.0,0,9233
8.33,0,9162
7.94,0,9157
10.0,0,9148
9.08,0,9138
9.26,0,9121
5.50,0,9100
7.47,0,9075
9.28,0,9053
7.00,0,9049
7.60,0,9032
0.00,0,9000
8.59,0,8995
9.64,0,8986
9.53,0,8974
7.44,0,8938
8.13,0,8913
8.60,0,8900
8.68,0,8877
9.47,0,8873
9.42,0,8869
8.82,0,8851
10.0,0,8840
8.92,0,8840
8.39,0,8831
8.00,0,8822
9.10,0,8821
7.75,0,8789
9.42,0,8757
10.0,0,8737
10.0,0,8736
8.43,0,8731
8.74,0,8722
9.47,0,8705
8.12,0,8705
9.07,0,8697
7.40,0,8682
9.55,0,8677
8.70,0,8666
8.36,1,8665
9.75,0,8657
9.10,0,8655
9.83,0,8638
8.61,0,8631
9.89,0,8620
9.00,0,8618
8.56,0,8614
8.67,0,8592
8.47,0,8589
9.60,0,8587
10.0,0,8579
9.00,0,8570
9.24,0,8569
8.83,0,8564
7.00,0,8531
9.60,0,8505
9.86,0,8504
7.88,0,8504
8.50,0,8502
9.75,0,8497
0.00,0,8497
9.33,0,8489
8.00,0,8486
7.44,0,8478
7.00,0,8461
9.55,1,8452
9.20,1,8417
0.00,0,8400
7.10,0,8397
10.0,0,8392
8.87,0,8368
6.29,0,8350
7.60,0,8330
6.62,1,8321
0.00,1,8321
10.0,0,8309
6.59,0,8308
7.43,0,8307
8.11,0,8297
8.31,0,8291
7.25,0,8262
9.04,0,8253
9.67,0,8252
9.60,0,8252
10.0,0,8249
9.00,1,8227
8.11,0,8220
9.47,0,8202
9.11,0,8185
8.74,0,8180
7.75,0,8171
7.83,0,8162
9.46,0,8158
8.03,0,8153
9.22,0,8149
8.60,0,8146
7.35,1,8108
8.34,0,8098
8.28,0,8097
8.90,0,8078
9.27,0,8038
9.58,0,8036
8.69,0,8031
7.68,0,8030
8.41,0,8028
0.00,0,8000
10.0,0,7996
9.48,0,7982
9.51,0,7978
8.23,0,7967
9.18,0,7956
0.00,0,7952
9.31,0,7936
7.00,0,7930
9.07,0,7887
9.00,0,7882
10.0,0,7881
8.05,0,7880
0.00,0,7873
7.69,0,7853
9.19,0,7839
9.73,0,7822
9.12,0,7818
8.50,0,7810
9.56,0,7809
8.31,1,7808
6.73,0,7806
6.00,0,7792
8.91,0,7791
10.0,0,7784
7.07,0,7774
8.96,0,7763
9.60,0,7760
9.86,0,7757
9.15,0,7750
9.25,0,7743
9.10,0,7730
8.06,0,7729
6.29,0,7721
5.75,0,7707
9.75,0,7674
9.90,1,7669
8.44,0,7667
8.30,0,7660
7.58,0,7649
8.49,0,7640
9.58,0,7638
9.52,0,7634
9.32,1,7610
9.58,0,7610
7.03,0,7597
10.0,0,7581
9.62,0,7556
8.77,0,7535
8.33,0,7505
9.41,0,7482
1.36,0,7471
4.00,0,7457
9.49,0,7454
0.00,0,7438
0.00,0,7422
7.00,0,7414
9.00,0,7414
9.78,0,7411
10.0,0,7411
1.00,0,7410
9.50,0,7386
8.05,0,7385
9.48,0,7383
9.62,0,7378
9.81,0,7371
7.00,0,7345
8.64,0,7345
9.63,0,7336
6.20,0,7331
9.00,0,7329
9.60,0,7317
6.53,0,7317
8.00,0,7309
9.54,0,7273
8.89,0,7250
9.22,0,7238
9.75,0,7232
6.29,0,7229
0.00,0,7203
8.70,0,7179
0.00,0,7163
9.20,0,7162
9.77,0,7142
8.89,0,7135
8.89,0,7132
7.45,0,7130
7.84,0,7127
9.29,0,7116
9.00,0,7115
0.00,0,7101
5.09,0,7098
10.0,0,7078
8.98,0,7071
8.70,0,7070
8.77,0,7052
8.21,0,7004
8.00,0,7000
7.85,1,6999
7.85,0,6997
9.60,0,6990
9.75,0,6989
7.68,0,6980
8.64,1,6977
9.00,0,6974
9.17,0,6970
7.17,0,6961
8.09,0,6956
0.00,0,6952
0.00,0,6952
10.0,0,6927
7.90,0,6927
6.31,0,6920
0.00,0,6912
9.80,0,6909
8.70,0,6885
9.16,0,6885
9.60,0,6860
5.48,0,6854
10.0,0,6834
7.51,0,6828
9.47,0,6824
9.00,0,6822
9.63,0,6807
8.66,0,6788
7.00,0,6786
7.00,0,6782
6.37,1,6774
9.06,0,6765
8.89,0,6755
9.33,0,6754
9.75,0,6734
8.97,0,6726
9.30,0,6726
7.42,0,6724
9.33,0,6719
0.00,0,6717
9.38,0,6713
8.94,0,6701
8.73,0,6701
7.17,0,6682
9.40,0,6668
7.88,0,6664
8.64,0,6627
7.57,0,6626
3.43,0,6598
8.74,0,6591
8.95,0,6590
7.50,0,6587
0.00,0,6584
9.46,0,6568
9.75,0,6548
9.75,0,6548
8.93,0,6545
7.18,0,6518
9.88,1,6514
9.15,0,6514
9.40,0,6513
9.33,0,6477
7.36,0,6469
8.33,0,6468
7.00,0,6451
9.54,0,6446
9.18,0,6430
8.67,1,6430
9.61,0,6405
9.42,0,6397
9.60,0,6394
8.18,0,6350
9.39,0,6347
8.02,0,6343
8.39,0,6342
9.80,0,6336
10.0,0,6313
8.54,0,6312
9.56,0,6309
8.85,0,6301
10.0,0,6300
8.77,0,6299
8.18,0,6296
8.11,0,6291
8.17,0,6291
9.28,0,6287
9.46,0,6287
5.50,0,6276
9.62,0,6275
9.46,0,6264
9.33,0,6261
7.40,0,6249
8.98,0,6244
10.0,0,6237
7.21,1,6232
4.67,1,6229
9.80,0,6213
10.0,0,6200
9.58,0,6199
6.10,0,6198
9.38,0,6167
10.0,0,6161
5.51,0,6131
7.71,0,6128
0.00,0,6124
9.49,0,6109
9.18,0,6107
7.00,0,6102
7.40,0,6102
7.65,1,6090
9.33,0,6083
9.16,0,6077
7.62,0,6062
9.33,0,6034
9.83,0,6033
7.89,0,6032
8.50,0,6028
8.04,0,6026
8.00,0,6010
0.00,0,6004
8.79,0,6000
8.25,0,6000
9.51,0,5987
9.06,0,5961
10.0,0,5950
8.64,0,5947
8.00,0,5934
8.72,0,5930
9.53,0,5916
9.67,0,5914
9.00,0,5909
8.02,0,5908
6.55,0,5908
10.0,0,5908
0.00,0,5907
9.50,0,5899
8.27,0,5870
8.50,0,5864
9.44,0,5851
0.00,0,5848
5.83,0,5841
8.70,0,5839
9.04,0,5828
9.11,0,5821
9.47,0,5821
9.55,0,5816
7.93,0,5814
9.75,0,5809
8.43,0,5806
7.00,0,5806
8.18,0,5798
9.50,0,5792
9.20,0,5781
8.54,0,5772
10.0,0,5748
7.05,0,5747
7.75,0,5742
8.00,0,5741
9.67,0,5736
8.47,1,5732
9.75,0,5728
9.50,0,5722
9.43,0,5707
7.50,0,5706
6.50,0,5684
7.25,0,5663
4.61,0,5650
9.23,0,5631
8.52,1,5627
7.79,0,5619
4.23,0,5617
6.40,0,5606
0.00,0,5605
7.33,0,5598
7.38,0,5587
8.70,0,5585
9.32,0,5579
9.31,0,5563
8.96,0,5561
4.33,0,5561
8.08,0,5559
8.84,0,5552
2.33,0,5550
6.92,0,5545
9.35,1,5544
0.00,0,5539
6.20,0,5530
0.00,0,5511
6.40,0,5510
5.10,0,5501
8.00,0,5499
4.45,0,5491
8.33,0,5488
5.91,0,5480
9.75,0,5477
9.20,0,5473
0.00,0,5460
4.18,0,5452
8.79,0,5438
7.00,0,5423
9.30,0,5418
9.70,0,5414
0.00,0,5410
9.20,0,5410
9.24,0,5399
0.00,0,5390
8.24,0,5382
10.0,0,5373
9.46,0,5372
10.0,0,5368
8.51,0,5363
10.0,0,5358
7.86,0,5343
5.36,0,5340
10.0,0,5326
8.37,0,5320
0.00,0,5312
0.00,0,5307
6.06,0,5291
8.58,0,5288
6.83,0,5287
7.92,0,5287
8.00,0,5285
8.29,0,5284
8.38,0,5280
6.55,0,5279
3.01,0,5270
9.69,0,5263
5.37,0,5262
7.67,0,5258
7.89,0,5256
9.15,0,5253
8.86,0,5249
8.91,0,5247
7.50,0,5246
4.28,0,5240
9.58,0,5226
10.0,1,5224
7.45,0,5220
0.00,0,5216
8.00,0,5214
9.19,0,5212
0.00,0,5210
8.75,0,5204
9.10,0,5194
10.0,0,5190
7.82,1,5187
8.74,0,5163
9.20,0,5162
6.38,0,5161
5.00,0,5155
9.40,0,5150
7.27,0,5149
7.94,0,5133
8.18,0,5115
8.57,0,5108
5.25,0,5106
7.67,0,5104
8.84,0,5103
9.37,1,5102
0.00,0,5100
7.66,0,5097
8.76,0,5092
9.06,0,5085
5.37,0,5085
10.0,0,5078
7.50,0,5077
5.50,0,5073
8.73,0,5073
5.54,0,5070
5.50,0,5067
9.00,0,5063
7.39,0,5058
5.67,0,5051
8.94,0,5049
0.00,0,5044
8.59,0,5043
0.00,0,5036
5.00,0,5033
0.00,0,5032
8.00,0,5030
8.20,0,5030
9.20,0,5029
9.17,0,5029
9.22,0,5028
9.14,0,5024
5.73,0,5022
7.20,0,5021
0.00,0,5017
9.71,0,5015
9.31,0,5014
10.0,0,5012
10.0,0,5007
0.00,0,5005
9.15,0,5001
9.26,0,4991
9.62,0,4989
9.68,0,4985
9.43,0,4983
9.00,0,4978
9.07,0,4967
0.00,0,4960
9.73,0,4959
8.53,0,4955
0.00,0,4947
8.79,1,4946
8.64,0,4936
9.16,0,4934
8.25,0,4933
9.78,0,4924
0.00,0,4924
4.36,0,4923
9.47,0,4921
8.00,0,4916
6.25,0,4910
9.34,0,4881
1.00,0,4875
8.85,0,4873
9.00,0,4869
10.0,0,4838
9.55,0,4828
8.84,0,4824
7.92,0,4812
8.83,0,4804
0.00,0,4799
8.99,0,4778
9.00,0,4771
4.25,0,4770
9.28,0,4756
8.91,0,4754
9.18,1,4753
9.89,0,4747
0.00,1,4738
9.17,0,4735
8.45,0,4731
8.07,0,4728
9.45,0,4726
8.15,0,4726
0.00,0,4724
9.32,0,4709
9.71,0,4707
8.09,1,4703
10.0,0,4702
9.67,0,4695
7.87,0,4692
9.40,0,4687
7.50,0,4682
9.05,0,4682
9.73,0,4681
7.91,0,4662
10.0,0,4652
8.87,0,4652
8.44,0,4641
9.00,0,4631
9.62,0,4614
5.21,0,4611
9.38,0,4603
8.75,0,4601
9.46,0,4590
9.29,0,4585
8.62,0,4574
8.08,0,4558
9.09,0,4555
8.06,1,4555
8.33,0,4552
8.83,0,4523
9.62,0,4514
8.33,0,4511
10.0,0,4509
7.67,0,4507
8.00,0,4506
0.00,0,4490
8.86,0,4475
0.00,0,4474
8.31,0,4472
8.10,0,4454
9.38,0,4450
9.70,0,4449
6.99,0,4443
8.60,0,4441
8.43,0,4438
4.67,0,4434
0.00,0,4428
0.00,0,4400
7.99,0,4392
6.76,0,4389
5.50,0,4385
9.00,0,4380
8.91,0,4363
8.07,1,4358
9.30,0,4352
7.25,0,4341
8.88,0,4339
8.86,0,4339
0.00,0,4334
6.50,0,4315
8.88,0,4308
6.80,0,4292
8.38,0,4277
8.28,0,4273
7.75,0,4273
7.75,0,4270
9.52,0,4266
8.04,0,4262
7.47,1,4254
7.45,0,4247
8.09,0,4237
9.79,0,4236
8.92,0,4226
8.25,0,4225
9.85,0,4213
6.00,0,4205
0.00,0,4205
9.31,0,4204
7.29,0,4197
6.50,0,4196
8.63,0,4192
6.68,0,4189
9.85,0,4162
9.05,1,4162
9.00,0,4155
8.36,0,4146
9.57,0,4128
8.14,0,4126
7.90,0,4122
0.00,0,4121
8.84,0,4110
10.0,0,4108
7.86,0,4105
9.09,0,4101
9.60,0,4097
6.80,0,4095
9.00,0,4093
8.77,0,4093
7.00,0,4092
0.00,0,4092
9.08,0,4087
9.50,0,4085
8.77,0,4085
8.34,0,4083
9.00,0,4083
9.71,0,4074
5.50,0,4068
8.87,0,4062
8.72,0,4060
0.00,0,4055
7.61,0,4041
7.10,0,4038
6.67,1,4036
1.00,0,4032
10.0,0,4030
7.00,0,4030
9.06,0,4029
10.0,0,4026
8.71,1,4025
5.78,0,4024
9.72,0,4020
9.33,0,4014
0.00,0,4006
9.43,0,4005
9.04,0,3996
9.89,0,3992
10.0,0,3990
9.31,0,3982
9.29,0,3965
0.00,0,3964
9.58,0,3957
9.58,1,3956
7.96,0,3954
8.31,0,3948
9.50,0,3933
2.60,0,3931
0.00,0,3929
5.13,0,3909
9.25,0,3906
8.20,0,3903
8.10,0,3902
9.09,0,3892
8.76,0,3891
0.00,0,3889
8.57,0,3881
10.0,0,3879
7.50,0,3868
9.87,0,3862
9.79,0,3860
5.50,0,3860
6.68,0,3852
9.21,0,3849
7.00,0,3842
8.30,0,3841
4.12,0,3834
8.74,0,3833
5.58,0,3833
8.15,0,3829
9.11,0,3824
8.56,0,3824
8.05,0,3823
9.55,0,3822
7.93,0,3822
8.98,0,3820
7.80,0,3811
10.0,0,3810
8.00,0,3809
7.50,0,3794
10.0,0,3792
9.00,0,3788
8.55,0,3781
10.0,0,3779
6.12,0,3772
9.33,0,3765
8.81,0,3753
7.73,0,3739
9.71,0,3737
8.61,0,3735
9.00,0,3733
10.0,0,3730
7.28,0,3720
9.62,0,3714
7.05,0,3712
8.11,0,3711
0.00,0,3711
8.70,0,3707
8.60,0,3703
7.62,0,3702
7.86,0,3679
5.67,0,3672
10.0,0,3663
6.85,0,3656
9.48,0,3656
9.50,0,3652
9.16,0,3650
7.75,0,3649
8.11,0,3640
8.71,0,3639
0.00,0,3631
10.0,0,3631
6.50,0,3625
8.20,0,3624
9.00,0,3620
5.67,0,3595
9.14,1,3594
9.60,0,3588
8.14,0,3586
8.50,0,3579
5.17,0,3576
9.08,0,3573
8.25,0,3572
8.73,0,3562
8.62,0,3551
10.0,0,3540
0.00,0,3535
8.80,0,3534
9.33,0,3530
0.00,0,3525
9.14,0,3522
0.00,0,3515
10.0,0,3514
0.00,0,3511
5.65,0,3504
10.0,0,3500
0.00,0,3500
0.00,0,3498
8.75,0,3495
7.56,0,3493
8.32,0,3491
10.00,0,3488
8.88,0,3487
5.50,0,3483
3.50,0,3480
8.14,0,3471
9.21,0,3465
10.0,0,3464
7.89,0,3464
8.81,0,3460
9.21,0,3460
9.53,0,3456
7.07,0,3449
9.42,0,3441
8.36,0,3438
9.09,0,3434
9.54,0,3432
8.90,0,3410
6.57,0,3407
8.19,0,3402
8.82,0,3380
10.0,0,3378
5.02,0,3375
4.00,0,3369
9.26,0,3365
9.59,0,3364
10.0,0,3360
8.86,0,3359
9.85,0,3358
8.66,0,3355
7.62,0,3354
8.55,0,3344
9.40,0,3338
5.50,0,3331
8.83,0,3325
7.10,0,3319
0.00,0,3300
10.0,0,3291
10.0,0,3291
8.19,0,3289
8.78,0,3288
1.00,0,3283
9.64,0,3282
0.00,0,3277
7.77,0,3276
8.33,0,3273
8.80,0,3260
8.65,0,3250
8.33,0,3243
7.84,1,3241
8.20,0,3238
8.58,0,3228
8.00,0,3228
8.70,0,3215
8.50,0,3214
9.70,0,3201
9.31,1,3201
9.00,1,3199
0.00,0,3197
5.12,0,3193
9.02,0,3192
5.00,0,3170
10.0,0,3160
8.20,0,3160
9.60,1,3158
5.90,0,3151
7.20,0,3149
9.31,0,3144
0.00,0,3144
7.50,0,3143
8.71,0,3141
7.00,0,3135
7.34,0,3135
8.00,0,3134
8.94,0,3121
10.0,0,3118
7.13,0,3109
10.0,0,3107
9.00,0,3107
8.61,0,3103
9.33,0,3102
9.49,0,3100
0.00,0,3094
9.76,0,3089
8.90,0,3089
9.43,0,3081
4.83,0,3075
9.43,0,3073
9.10,0,3070
7.00,0,3068
8.26,0,3063
5.50,0,3052
9.63,1,3051
10.0,0,3050
9.21,0,3048
8.13,0,3047
9.37,0,3043
10.0,0,3035
8.70,0,3033
7.71,0,3030
5.00,0,3028
7.88,0,3024
9.71,0,3018
7.75,0,3014
9.00,0,3002
0.00,0,3000
0.00,0,3000
10.0,0,3000
0.00,0,2995
10.0,0,2989
9.60,0,2988
6.27,0,2982
10.0,0,2967
6.83,1,2966
6.20,0,2951
9.80,0,2940
7.19,0,2938
9.82,0,2938
9.00,0,2935
9.36,0,2934
2.33,0,2930
6.33,0,2915
9.15,0,2913
9.42,0,2910
8.12,0,2901
8.94,0,2898
6.50,0,2892
7.25,0,2888
0.00,0,2886
8.94,0,2881
5.50,0,2879
8.20,0,2877
10.0,0,2871
0.00,0,2867
7.94,0,2865
8.85,0,2861
9.28,0,2860
9.50,0,2858
8.51,0,2855
9.33,0,2847
9.29,0,2844
6.00,0,2841
7.77,0,2839
7.42,0,2837
7.50,0,2836
9.20,0,2830
9.33,0,2830
9.30,0,2816
6.50,0,2808
9.00,0,2807
9.78,0,2807
7.92,0,2802
9.51,0,2800
9.50,0,2799
4.38,0,2797
9.13,0,2796
8.83,0,2794
0.00,0,2792
9.23,0,2791
8.71,0,2791
0.00,0,2786
9.00,0,2785
9.21,0,2780
6.94,0,2780
9.68,0,2778
9.65,0,2768
9.44,0,2766
0.00,0,2764
0.00,0,2762
9.57,0,2758
9.12,0,2757
9.30,0,2754
7.38,0,2750
0.00,0,2749
9.43,0,2746
8.63,0,2731
0.00,0,2729
8.74,0,2721
10.0,0,2719
3.00,0,2700
6.98,0,2699
7.75,0,2697
8.85,0,2692
9.66,0,2690
9.00,0,2684
6.83,0,2681
7.75,0,2681
7.60,0,2673
5.50,0,2673
8.59,0,2669
5.50,0,2664
8.00,0,2661
7.64,0,2661
10.0,0,2658
10.0,0,2657
9.70,1,2649
8.31,0,2648
9.64,0,2647
7.00,0,2641
8.61,0,2640
8.66,0,2635
0.00,0,2634
8.00,0,2633
8.53,0,2622
7.66,0,2613
7.35,0,2610
8.00,0,2609
8.33,0,2600
8.89,0,2597
8.89,0,2595
8.82,0,2588
10.0,0,2588
8.00,0,2586
9.71,0,2582
8.78,0,2581
6.62,0,2581
10.0,0,2579
5.83,0,2579
6.08,0,2578
8.53,0,2572
9.82,0,2569
6.51,0,2567
9.75,0,2565
8.21,0,2553
7.31,0,2551
9.18,0,2546
0.00,0,2545
9.80,0,2540
0.00,0,2538
8.64,0,2536
7.89,1,2536
0.00,0,2533
9.14,0,2529
9.39,0,2524
8.60,0,2519
5.32,0,2519
9.41,0,2515
9.90,0,2511
8.89,0,2502
9.50,0,2501
8.84,0,2492
8.00,0,2492
8.50,0,2492
9.58,0,2489
9.67,0,2487
6.40,0,2483
7.75,0,2479
9.50,0,2477
10.0,0,2475
10.0,0,2474
6.80,0,2467
9.52,0,2456
10.0,0,2456
8.29,0,2455
9.75,0,2427
9.44,0,2418
7.75,0,2417
10.0,0,2415
7.36,0,2412
9.75,0,2410
9.50,0,2409
2.00,1,2400
8.62,0,2398
8.78,0,2387
10.0,0,2384
9.51,0,2383
7.81,0,2381
8.59,0,2377
9.00,0,2375
8.00,0,2371
10.0,0,2369
8.06,0,2368
9.60,0,2368
7.58,0,2360
9.83,0,2359
9.17,0,2355
9.50,0,2355
0.00,0,2354
10.0,0,2354
3.80,0,2353
8.06,0,2350
0.00,0,2350
9.35,0,2349
8.71,0,2349
8.79,0,2344
8.71,0,2338
9.40,0,2329
9.25,0,2329
9.14,0,2329
8.45,0,2325
9.00,0,2318
6.69,0,2317
7.00,0,2317
9.86,0,2316
8.94,0,2313
10.0,0,2313
9.75,0,2309
7.12,0,2309
10.00,0,2308
6.26,0,2305
10.0,0,2303
0.00,0,2289
8.03,0,2287
9.36,0,2285
5.33,0,2283
9.11,0,2280
0.00,0,2278
8.68,0,2277
9.08,0,2274
9.32,0,2273
0.00,0,2272
8.00,0,2270
8.00,0,2263
9.00,0,2260
10.0,0,2259
7.02,0,2253
9.06,0,2253
9.42,0,2252
9.43,0,2245
1.79,0,2240
7.50,0,2221
8.38,0,2216
9.06,0,2212
7.21,0,2210
0.00,0,2207
8.20,0,2205
8.33,0,2202
9.25,0,2197
9.15,0,2192
9.38,0,2180
8.84,0,2180
3.38,0,2180
7.21,0,2177
0.00,0,2177
10.0,0,2177
0.00,0,2171
5.40,0,2168
9.57,0,2168
8.27,0,2168
7.80,0,2153
9.00,0,2150
0.00,0,2146
9.83,0,2146
7.65,0,2141
5.60,0,2140
7.50,0,2139
9.35,0,2135
9.04,0,2133
0.00,0,2132
10.0,0,2128
7.92,0,2127
10.0,0,2126
9.00,0,2124
9.70,0,2123
7.44,0,2120
8.04,0,2116
8.43,0,2113
8.20,0,2113
7.86,0,2106
9.14,0,2097
10.0,0,2097
5.75,0,2096
10.0,0,2093
8.00,0,2092
8.89,0,2090
5.33,0,2083
8.56,0,2079
9.00,0,2079
0.00,0,2072
8.25,0,2070
7.50,0,2068
8.35,0,2063
9.06,0,2062
9.86,0,2062
9.39,0,2057
6.70,0,2056
9.50,0,2052
6.64,0,2050
8.00,0,2041
9.57,0,2040
5.43,0,2040
8.76,1,2039
8.82,0,2039
8.14,0,2037
9.00,0,2036
0.00,0,2036
5.73,0,2030
8.79,0,2023
7.24,0,2021
6.20,0,2018
9.62,0,2017
8.80,0,2007
0.00,0,2007
8.71,0,2006
0.00,0,2005
9.37,0,2003
7.72,0,2003
8.67,0,2002
7.17,0,2001
9.29,0,2000
8.79,0,1999
0.00,0,1992
9.56,0,1991
10.0,0,1991
5.05,0,1990
0.00,0,1990
7.83,0,1989
8.12,0,1988
3.25,0,1980
8.04,0,1980
6.00,0,1980
6.62,0,1978
8.00,0,1975
9.94,0,1975
0.00,0,1974
9.56,0,1974
8.00,0,1964
5.75,0,1963
9.38,0,1961
8.00,0,1961
8.93,0,1960
3.12,0,1958
7.35,0,1957
9.58,0,1956
9.33,0,1955
6.50,0,1954
9.50,0,1954
7.25,1,1952
0.00,0,1952
8.25,0,1951
10.0,0,1944
8.80,0,1940
9.00,0,1933
0.00,0,1933
7.97,0,1932
9.33,0,1929
8.91,0,1921
9.73,0,1920
9.88,0,1909
8.12,0,1908
9.55,0,1901
7.00,0,1899
0.00,0,1895
9.80,0,1892
8.33,0,1890
10.0,0,1890
9.25,0,1882
9.20,0,1880
8.38,0,1878
8.54,0,1877
8.90,0,1876
9.76,0,1873
0.00,0,1870
9.10,0,1868
9.30,0,1866
8.34,0,1866
8.96,0,1861
0.00,0,1856
9.33,0,1856
0.00,0,1856
0.00,0,1855
9.59,1,1854
0.00,0,1854
9.33,0,1854
9.72,0,1854
7.23,0,1852
8.31,0,1851
9.61,0,1851
9.10,0,1842
8.20,0,1839
5.50,0,1839
7.00,0,1835
6.69,0,1835
9.90,0,1833
8.66,0,1832
8.78,0,1831
9.59,0,1828
0.00,0,1828
6.07,0,1822
5.83,0,1822
8.96,0,1821
10.0,0,1821
0.00,0,1821
7.33,0,1820
10.0,0,1816
8.71,0,1815
8.72,0,1814
9.29,0,1813
5.62,0,1811
7.96,0,1810
8.21,0,1810
9.41,0,1808
9.33,0,1805
6.04,0,1803
0.00,0,1801
0.00,0,1797
10.0,0,1792
8.23,0,1792
7.76,0,1790
10.0,0,1788
8.67,0,1788
7.04,0,1788
1.00,0,1788
9.45,0,1783
10.0,0,1782
9.85,0,1777
9.10,0,1776
8.76,0,1775
9.08,0,1774
6.05,0,1774
5.00,0,1773
8.54,0,1773
9.27,0,1771
8.00,0,1765
7.82,0,1763
0.00,0,1757
0.00,0,1756
8.90,0,1754
3.00,0,1752
7.80,0,1748
6.92,0,1745
0.00,0,1742
6.64,0,1738
5.50,0,1733
2.14,0,1733
5.97,0,1732
10.0,0,1731
9.55,0,1729
8.12,0,1729
7.06,0,1725
7.33,0,1724
8.20,0,1724
2.50,0,1723
7.67,0,1722
9.01,0,1719
10.0,0,1718
0.00,0,1716
6.80,0,1711
9.67,0,1706
7.00,0,1703
8.79,0,1702
9.91,0,1701
7.45,0,1700
9.67,0,1699
5.40,0,1697
4.33,0,1694
7.59,0,1693
8.45,0,1693
8.82,0,1689
7.22,0,1688
8.50,0,1687
9.45,0,1687
0.00,0,1685
8.69,0,1683
9.40,0,1682
9.27,0,1676
8.61,0,1676
8.67,0,1675
9.37,0,1672
9.47,0,1670
0.00,0,1665
5.50,0,1664
6.67,0,1664
4.53,0,1661
9.20,0,1660
5.75,0,1660
6.00,0,1657
5.62,0,1656
7.59,0,1654
9.00,0,1653
0.00,0,1653
6.73,0,1652
0.00,0,1652
5.29,0,1652
0.00,0,1652
8.82,0,1652
5.86,0,1652
0.00,0,1651
10.0,0,1651
0.00,0,1650
4.00,0,1650
0.00,0,1650
10.0,0,1650
7.17,0,1648
9.52,0,1646
6.46,0,1641
6.34,0,1640
8.06,0,1639
5.25,0,1639
8.29,0,1636
7.54,0,1635
9.64,0,1630
4.57,0,1628
0.00,0,1626
10.0,0,1626
8.98,0,1625
0.00,0,1624
0.00,0,1621
8.92,0,1617
0.00,0,1616
7.43,0,1614
0.00,0,1612
8.27,0,1612
9.00,0,1611
9.00,0,1609
8.58,0,1608
9.88,0,1608
9.36,0,1607
8.99,0,1605
0.00,0,1604
9.24,0,1603
4.96,0,1601
10.0,0,1600
7.89,0,1598
6.35,0,1596
5.50,0,1593
9.00,0,1592
6.85,0,1592
8.60,0,1591
0.00,0,1590
10.0,0,1589
0.00,0,1589
9.00,0,1584
5.50,0,1581
5.52,0,1581
8.89,0,1581
8.24,0,1577
0.00,0,1574
8.71,0,1574
7.11,0,1572
9.41,0,1571
0.00,0,1570
9.36,0,1570
3.96,0,1567
8.00,0,1567
0.00,0,1566
0.00,0,1566
8.93,0,1565
6.09,0,1565
8.00,0,1564
7.43,0,1564
7.00,0,1563
10.0,0,1562
4.40,0,1560
3.83,0,1560
9.17,0,1558
5.12,0,1556
6.77,0,1556
8.67,1,1556
9.29,0,1553
8.33,0,1553
5.46,0,1552
8.25,0,1551
6.33,0,1551
7.00,0,1549
0.00,0,1548
7.50,0,1547
6.00,0,1547
8.54,0,1546
6.86,0,1546
9.06,0,1546
0.00,0,1546
7.00,0,1544
2.93,0,1543
4.86,0,1540
7.23,0,1540
0.00,0,1539
3.83,0,1537
7.73,0,1536
10.0,0,1532
4.25,0,1532
2.68,0,1530
10.0,0,1530
7.00,0,1529
6.89,0,1528
7.17,0,1528
7.08,0,1524
8.20,0,1520
0.00,0,1519